;Name;Japanese Name;Element;Power;Tension;Type;Sub-Type;Shop 1;Shop 2;Duration (s);
1;Chaos Break;カオスブレイク;林 (Forest);100;100;Shoot;;Spirit Market;;7,14;
2;Grand Fenrir;グランフェンリル;林 (Forest);85;80;Shoot;;Spirit Market;;9,59;
3;Jet Stream;ジェットストリーム;山 (Mountain);100;100;Shoot;Long Shoot;Spirit Market;;9,93;
4;Emperor Penguin No. 3;皇帝ペンギン３号;林 (Forest);100;100;Shoot;;Spirit Market;;8,14;
5;Doom Break;デスブレイク;山 (Mountain);100;100;Shoot;;Spirit Market;;8,16;
6;Fire Tornado DD;ファイアトルネードＤＤ;火 (Fire);85;80;Shoot;;Spirit Market;;5,87;
7;Omega Assault;オメガアタック;無 (Void);100;100;Shoot;;Spirit Market;;8,52;
8;Shell Burst;シェルビットバースト;無 (Void);85;80;Shoot;Long Shoot;Spirit Market;;5,69;
9;Disaster Strike;ディザスターブレイク;山 (Mountain);70;70;Shoot;;Spirit Market;;5,56;
10;The Dawn;ザ・バース;風 (Wind);85;80;Shoot;;Spirit Market;;7,39;
11;Supernova;スーパーノヴァ;林 (Forest);100;100;Shoot;;Spirit Market;;12,62;
12;Big Bang;ビッグバン;火 (Fire);100;100;Shoot;;Spirit Market;;10,01;
13;The Earth;ジ・アース;山 (Mountain);100;100;Shoot;;Spirit Market;;11,85;
14;Prime Legend;プライムレジェンド;風 (Wind);100;100;Shoot;;Spirit Market;;8,84;
15;Field of Force;キラーフィールズ;林 (Forest);85;80;Offense;;Spirit Market;;6,22;
16;Temporal Wall;時空の壁;風 (Wind);85;80;Keep;;Spirit Market;;7,84;
17;Fiend Hand;魔王・ザ・ハンド;林 (Forest);100;100;Keep;;Spirit Market;;7,69;
18;Soul Hand;タマシイ・ザ・ハンド;火 (Fire);100;100;Keep;;Spirit Market;;7,43;
19;God Catch;ゴッドキャッチ;山 (Mountain);100;100;Keep;;Spirit Market;;6,11;
20;Final Death Zone;;林 (Forest);100;100;Shoot;;Spirit Market;;;
21;Scream of Eden;;林 (Forest);100;100;Shoot;;Spirit Market;;;
22;The Earth: Infinity;;山 (Mountain);100;100;Shoot;;Spirit Market;;;
23;Black Dawn;;風 (Wind);100;100;Shoot;;Spirit Market;;;
24;Twister Tornado;;風 (Wind);100;100;Shoot;Counter Shoot;Spirit Market;;;
25;Verdure Vortex;;林 (Forest);100;100;Offense;;Spirit Market;;;
26;We Have Liftoff!;;林 (Forest);100;100;Keep;;Spirit Market;;;
27;Inazuma Drop;イナズマ落とし;風 (Wind);70;70;Shoot;Counter Shoot;Chronicle Department Store;;5,49;
28;Twin Boost;ツインブースト;火 (Fire);70;70;Shoot;;Chronicle Department Store;;6,46;
29;Fire Tornado;ファイアトルネード;火 (Fire);60;60;Shoot;;Chronicle Department Store;;4,36;
30;Inazuma-1;イナズマ１号;風 (Wind);70;70;Shoot;Counter Shoot;Chronicle Department Store;;4,07;
31;Dragon Crash;ドラゴンクラッシュ;林 (Forest);50;50;Shoot;;Chronicle Department Store;;4,37;
32;Death Zone;デスゾーン;林 (Forest);70;70;Shoot;;Chronicle Department Store;;10,55;
33;Triangle Z;トライアングルＺ;火 (Fire);70;70;Shoot;;Chronicle Department Store;;8,79;
34;Utter Gutsiness Bat;ド根性バット;火 (Fire);60;60;Shoot;Counter Shoot;Chronicle Department Store;;4,37;
35;God Knows;ゴッドノウズ;風 (Wind);70;70;Shoot;;Chronicle Department Store;;7,39;
36;Dragon Tornado;ドラゴントルネード;火 (Fire);70;70;Shoot;;Chronicle Department Store;;8,36;
37;Fire Rooster;炎の風見鶏;火 (Fire);60;60;Shoot;Long Shoot;Chronicle Department Store;;5,42;
38;Inazuma Break;イナズマブレイク;風 (Wind);100;100;Shoot;;Chronicle Department Store;;10,55;
39;Emperor Penguin No. 2;皇帝ペンギン２号;林 (Forest);85;80;Shoot;;Chronicle Department Store;;10,33;
40;Eternal Blizzard;エターナルブリザード;風 (Wind);60;60;Shoot;;Chronicle Department Store;;6,13;
41;Fireball Storm;爆熱ストーム;火 (Fire);70;70;Shoot;;Chronicle Department Store;;7,42;
42;Tsunami Boost;ツナミブースト;風 (Wind);50;50;Shoot;Long Shoot;Chronicle Department Store;;7,63;
43;Death Zone 2;デスゾーン２;林 (Forest);85;80;Shoot;;Chronicle Department Store;;11,35;
44;Astro Break;アストロブレイク;林 (Forest);60;60;Shoot;;Chronicle Department Store;;5,43;
45;Meteor Blade;流星ブレード;火 (Fire);70;70;Shoot;Counter Shoot;Chronicle Department Store;;6,19;
46;Legendary Wolf;ウルフレジェンド;風 (Wind);70;70;Shoot;Long Shoot;Chronicle Department Store;;6,91;
47;Emperor Penguin No. 1;皇帝ペンギン１号;林 (Forest);85;80;Shoot;;Chronicle Department Store;;9,66;
48;Gungnir;グングニル;風 (Wind);60;60;Shoot;Long Shoot;Chronicle Department Store;;6,87;
49;Tri-Pegasus;トライペガサス;風 (Wind);85;80;Shoot;;Chronicle Department Store;;8,78;
50;Butterfly Trance;バタフライドリーム;山 (Mountain);60;60;Shoot;;Chronicle Department Store;;5,77;
51;Spectacle Crash;メガネクラッシュ;山 (Mountain);50;50;Shoot;;Chronicle Department Store;;5,9;
52;Twin Boost F;ツインブーストＦ;火 (Fire);85;80;Shoot;;Chronicle Department Store;;7,19;
53;Wyvern Crash;ワイバーンクラッシュ;林 (Forest);60;60;Shoot;;Chronicle Department Store;;8,31;
54;Wyvern Blizzard;ワイバーンブリザード;風 (Wind);70;70;Shoot;;Chronicle Department Store;;8,09;
55;Dark Phoenix;ダークフェニックス;林 (Forest);100;100;Shoot;;Chronicle Department Store;;9,13;
56;Megaton Head;メガトンヘッド;山 (Mountain);70;70;Shoot;Counter Shoot;Chronicle Department Store;;5,34;
57;Excalibur;エクスカリバー;風 (Wind);60;60;Shoot;Long Shoot;Chronicle Department Store;;5,69;
58;The Typhoon;ザ・タイフーン;風 (Wind);60;60;Shoot;;Chronicle Department Store;;6,07;
59;Tiger Storm;タイガーストーム;火 (Fire);85;80;Shoot;;Chronicle Department Store;;7,84;
60;Dragon Slayer;ドラゴンスレイヤー;林 (Forest);70;70;Shoot;;Chronicle Department Store;;6,37;
61;Gladius Arch;グラディウスアーチ;山 (Mountain);70;70;Shoot;Long Shoot;Chronicle Department Store;;5,47;
62;Odin Sword;オーディンソード;山 (Mountain);70;70;Shoot;;Chronicle Department Store;;5,62;
63;The Hurricane;ザ・ハリケーン;風 (Wind);85;80;Shoot;;Chronicle Department Store;;7,71;
64;Fireball Screw;爆熱スクリュー;火 (Fire);85;80;Shoot;;Chronicle Department Store;;6,05;
65;X Blast;Ｘブラスト;火 (Fire);70;70;Shoot;;Chronicle Department Store;;6,22;
66;Doom Spear;デススピアー;林 (Forest);60;60;Shoot;Long Shoot;Chronicle Department Store;;5,29;
67;Zephyr Shot;マッハウィンド;風 (Wind);50;50;Shoot;;Chronicle Department Store;;6,51;
68;Doomsword Slash;デスソード;火 (Fire);60;60;Shoot;;Chronicle Department Store;;4,81;
69;Jumping Jack;ぶっとびジャンプ;山 (Mountain);50;50;Shoot;Counter Shoot;Chronicle Department Store;;5,6;
70;Katana Kick;伝来宝刀;山 (Mountain);60;60;Shoot;;Chronicle Department Store;Magic Moves (Odaiba Branch);5,52;
71;Triangle ZZ;トライアングルＺＺ;火 (Fire);85;80;Shoot;;Chronicle Department Store;;6,61;
72;Fortissimo;フォルテシモ;林 (Forest);50;50;Shoot;;Chronicle Department Store;;5,12;
73;Doom Dive Drive;デスドロップ;火 (Fire);70;70;Shoot;;Chronicle Department Store;;6,84;
74;Sidewinder;サイドワインダー;山 (Mountain);50;50;Shoot;;Chronicle Department Store;Magic Moves (Odaiba Branch);5,32;
75;Black Ash;ブラックアッシュ;林 (Forest);70;70;Shoot;;Chronicle Department Store;;7,16;
76;Bouncing Bunny;バウンサーラビット;林 (Forest);60;60;Shoot;;Chronicle Department Store;;6,52;
77;Fission and Fusion;ダブルショット;無 (Void);60;60;Shoot;Long Shoot;Chronicle Department Store;;4,74;
78;Dragon Drive;ドラゴンブラスター;風 (Wind);70;70;Shoot;;Chronicle Department Store;;5,74;
79;Splitting Hares;エクストリームラビット;山 (Mountain);70;70;Shoot;;Chronicle Department Store;;6,34;
80;Atomic Spin;ガンマストライク;林 (Forest);70;70;Shoot;Long Shoot;Chronicle Department Store;;5,43;
81;No Future;デッドフューチャー;火 (Fire);85;80;Shoot;;Chronicle Department Store;;7,89;
82;Dough Ray Me;やきもちスクリュー;火 (Fire);70;70;Shoot;Long Shoot;Chronicle Department Store;;6,47;
83;Flurry Dash;疾風ダッシュ;風 (Wind);60;60;Offense;;Chronicle Department Store;;3,42;
84;Illusory Ball;イリュージョンボール;林 (Forest);60;60;Offense;;Chronicle Department Store;;4,76;
85;Scorching Tackle;ヒートタックル;火 (Fire);60;60;Offense;;Chronicle Department Store;;5,36;
86;Bewildered;五里霧中;山 (Mountain);50;50;Offense;;Chronicle Department Store;;5,32;
87;Heaven's Time;ヘブンズタイム;風 (Wind);85;80;Offense;;Chronicle Department Store;;5,81;
88;Lightning Bolt;ライトニングアクセル;火 (Fire);70;70;Offense;;Chronicle Department Store;;4,66;
89;Southern Cross;サザンクロスカット;林 (Forest);70;70;Offense;;Chronicle Department Store;;7,06;
90;Foul Offence 3;ジャッジスルー３;火 (Fire);100;100;Offense;;Chronicle Department Store;;7,13;
91;Angel Ball;エンゼルボール;風 (Wind);70;70;Offense;;Chronicle Department Store;;6,47;
92;Devil Ball;デビルボール;林 (Forest);70;70;Offense;;Chronicle Department Store;;6,42;
93;Future Eye;フューチャー・アイ;林 (Forest);50;50;Offense;;Chronicle Department Store;;6,09;
94;Dragster;ゼロヨン;風 (Wind);60;60;Offense;;Chronicle Department Store;;5,34;
95;Hey Presto;プレストターン;林 (Forest);60;60;Offense;;Chronicle Department Store;;4,92;
96;Easy Breezy;そよかぜステップ;風 (Wind);60;60;Offense;;Chronicle Department Store;;5,02;
97;Ball Lightning;ラウンドスパーク;火 (Fire);70;70;Offense;;Chronicle Department Store;;7,36;
98;Rising Dragon;昇り龍;山 (Mountain);70;70;Offense;;Chronicle Department Store;;6,92;
99;Acrobatic Keep;アクロバットキープ;山 (Mountain);60;60;Offense;;Chronicle Department Store;;5,86;
100;Decoy Deploy;デコイ・リリース;無 (Void);85;80;Offense;;Chronicle Department Store;;7,76;
101;The Wall;ザ・ウォール;山 (Mountain);60;60;Defense;Shoot Block;Chronicle Department Store;;6,02;
102;Ghost Pull;怨霊;林 (Forest);60;60;Defense;;Chronicle Department Store;;6,28;
103;Bamboo Pattern;かごめかごめ;山 (Mountain);70;70;Defense;;Chronicle Department Store;;5,37;
104;Clone Defence;分身ディフェンス;林 (Forest);60;60;Defense;;Chronicle Department Store;;5,86;
105;The Tower;ザ・タワー;風 (Wind);60;60;Defense;Shoot Block;Chronicle Department Store;;7,91;
106;Photon Crash;フォトンフラッシュ;火 (Fire);60;60;Defense;;Chronicle Department Store;;5,42;
107;Gravitation;グラビテイション;山 (Mountain);70;70;Defense;Shoot Block;Chronicle Department Store;;5,87;
108;Sigma Zone;シグマゾーン;林 (Forest);85;80;Defense;;Chronicle Department Store;;5,81;
109;Asteroid Belt;アステロイドベルト;林 (Forest);70;70;Defense;Shoot Block;Chronicle Department Store;;5,37;
110;Ignited Steal;イグナイトスティール;火 (Fire);60;60;Defense;;Chronicle Department Store;;4,74;
111;Frozen Steal;フローズンスティール;風 (Wind);60;60;Defense;;Chronicle Department Store;;4,62;
112;Perfect Tower;パーフェクト・タワー;風 (Wind);85;80;Defense;;Chronicle Department Store;;7,02;
113;Vac Attack;真空魔;風 (Wind);70;70;Defense;Shoot Block;Chronicle Department Store;;6,83;
114;The Mountain;ザ・マウンテン;山 (Mountain);70;70;Defense;Shoot Block;Chronicle Department Store;;5,96;
115;Mystifying Mist;ザ・ミスト;林 (Forest);60;60;Defense;;Chronicle Department Store;;8,11;
116;Hunter's Net;ハンターズネット;林 (Forest);60;60;Defense;Shoot Block;Chronicle Department Store;;3,79;
117;Runaway Train;ダッシュトレイン;火 (Fire);50;50;Defense;;Chronicle Department Store;Magic Moves (Odaiba Branch);4,89;
118;Pancake Defence;かっとびディフェンス;山 (Mountain);70;70;Defense;Shoot Block;Chronicle Department Store;;6,91;
119;Spatial Portal;ディメンションカット;林 (Forest);60;60;Defense;;Chronicle Department Store;;5,09;
120;Solar Surprise;クレイジーサンライト;火 (Fire);60;60;Defense;;Chronicle Department Store;;;
121;Great Wall;ビバ！万里の長城;山 (Mountain);60;60;Defense;Shoot Block;Chronicle Department Store;;6,22;
122;Mystic Mist;ディープミスト;林 (Forest);70;70;Defense;Shoot Block;Chronicle Department Store;;7,2;
123;Wall of Atlantis;アトランティスウォール;山 (Mountain);70;70;Defense;Shoot Block;Chronicle Department Store;;6,96;
124;Goopy Gloopy Goo;もちもち黄粉餅;火 (Fire);60;60;Defense;Shoot Block;Chronicle Department Store;;5,82;
125;God Hand;ゴッドハンド;山 (Mountain);60;60;Keep;;Chronicle Department Store;;6,84;
126;Sliding Goal;ゴールずらし;山 (Mountain);60;60;Keep;;Chronicle Department Store;;4,09;
127;Tsunami Wall;つなみウォール;風 (Wind);70;70;Keep;;Chronicle Department Store;;5,32;
128;Majin the Hand;マジン・ザ・ハンド;山 (Mountain);85;80;Keep;;Chronicle Department Store;;6,01;
129;Infinite Wall;無限の壁;山 (Mountain);85;80;Keep;;Chronicle Department Store;;6,81;
130;Mugen the Hand;ムゲン・ザ・ハンド;林 (Forest);85;80;Keep;;Chronicle Department Store;;9,08;
131;Wormhole;ワームホール;林 (Forest);70;70;Keep;;Chronicle Department Store;;5,77;
132;Procyon Net;プロキオンネット;風 (Wind);70;70;Keep;;Chronicle Department Store;;6,31;
133;Fist of Justice;正義の鉄拳;風 (Wind);70;70;Keep;;Chronicle Department Store;;7,51;
134;Majin the Hand;マジン・ザ・ハンド;林 (Forest);85;80;Keep;;Chronicle Department Store;;6,01;
135;God Hand;ゴッドハンド;林 (Forest);60;60;Keep;;Chronicle Department Store;;6,84;
136;Dimensional Hand;イジゲン・ザ・ハンド;林 (Forest);70;70;Keep;;Chronicle Department Store;;5,58;
137;Hammer of Fury;怒りの鉄槌;山 (Mountain);70;70;Keep;;Chronicle Department Store;;6,71;
138;Combustion Catch;バーニングキャッチ;火 (Fire);50;50;Keep;;Chronicle Department Store;;5,79;
139;God Hand V;ゴッドハンドＶ;山 (Mountain);85;80;Keep;;Chronicle Department Store;;6,05;
140;Meteor Attack;;火 (Fire);50;50;Shoot;;Chronicle Department Store;;;
141;Mermaid Smash;;風 (Wind);50;60;Shoot;;Chronicle Department Store;;;POTENTIALLY BUGGED VALUES
142;Driving Header;;山 (Mountain);50;50;Shoot;Long Shoot;Chronicle Department Store;;;
143;Rapid Fire;;火 (Fire);50;50;Shoot;Long Shoot;Chronicle Department Store;;;
144;Dynamite Shot;;火 (Fire);60;60;Shoot;;Chronicle Department Store;;;
145;Gyro Head;;山 (Mountain);60;60;Shoot;;Chronicle Department Store;;;
146;Utter Gutsiness Club;;山 (Mountain);70;70;Shoot;Long Shoot;Chronicle Department Store;;;
147;Gigaton Head;;山 (Mountain);70;70;Shoot;;Chronicle Department Store;;;
148;Flower Plower;;山 (Mountain);85;80;Shoot;;Chronicle Department Store;;;
149;Parkour Power;;風 (Wind);70;70;Shoot;;Chronicle Department Store;;;
150;Bicycle Slash;;無 (Void);70;70;Shoot;Long Shoot;Chronicle Department Store;;;
151;Kabuki Break;;林 (Forest);70;80;Shoot;;Chronicle Department Store;;;POTENTIALLY BUGGED VALUES
152;Land Dragon;;山 (Mountain);70;70;Shoot;;Chronicle Department Store;;;
153;Entropic Arrows;;無 (Void);85;90;Shoot;;Chronicle Department Store;;;POTENTIALLY BUGGED VALUES
154;Majestic Radiance;;風 (Wind);85;90;Shoot;;Chronicle Department Store;;;POTENTIALLY BUGGED VALUES
155;Volcanic Rock;;火 (Fire);85;80;Shoot;Long Shoot;Chronicle Department Store;;;
156;Neo Galaxy;;火 (Fire);100;100;Shoot;;Chronicle Department Store;;;
157;Solar Nexus;;火 (Fire);85;80;Shoot;;Chronicle Department Store;;;
158;Bloodsucker Bite;;山 (Mountain);100;100;Shoot;;Chronicle Department Store;;;
159;Stargazer;;風 (Wind);100;100;Shoot;;Chronicle Department Store;;;
160;Orbital Drive;;風 (Wind);100;100;Shoot;;Chronicle Department Store;;;
161;The Galaxy;;火 (Fire);100;100;Shoot;;Chronicle Department Store;;;
162;Black Magic;;林 (Forest);50;50;Offense;;Chronicle Department Store;;;
163;Attack Scan;;林 (Forest);50;50;Offense;;Chronicle Department Store;;;
164;Ribbon Shower;;風 (Wind);50;60;Offense;;Chronicle Department Store;;;POTENTIALLY BUGGED VALUES
165;Flame Veil;;火 (Fire);50;60;Offense;;Chronicle Department Store;;;POTENTIALLY BUGGED VALUES
166;Grand Slam;;火 (Fire);50;60;Offense;;Chronicle Department Store;;;POTENTIALLY BUGGED VALUES
167;Burning Bomb;;火 (Fire);50;50;Offense;;Chronicle Department Store;;;
168;Whirlwind Cut;;風 (Wind);60;60;Offense;;Chronicle Department Store;;;
169;Warp Drive;;林 (Forest);60;60;Offense;;Chronicle Department Store;;;
170;Menacing Glare;;山 (Mountain);60;60;Offense;;Chronicle Department Store;;;
171;Gale Dash;;火 (Fire);70;70;Offense;;Chronicle Department Store;;;
172;Low Scythe Slice;;林 (Forest);70;70;Offense;;Chronicle Department Store;;;
173;Dual Pass;;林 (Forest);70;70;Offense;;Chronicle Department Store;;;
174;Hydro Flow;;風 (Wind);85;80;Offense;;Chronicle Department Store;;;
175;Look! UFO;;林 (Forest);85;80;Offense;;Chronicle Department Store;;;
176;Boost Glider;;火 (Fire);70;70;Offense;;Chronicle Department Store;;;
177;Jackknife;;風 (Wind);100;100;Offense;;Chronicle Department Store;;;
178;Atlas Sword;;山 (Mountain);100;100;Offense;;Chronicle Department Store;;;
179;Psi Arrow;;林 (Forest);100;100;Offense;;Chronicle Department Store;;;
180;Doppelganger;;林 (Forest);50;50;Defense;;Chronicle Department Store;;;
181;Killer Whale;;風 (Wind);50;60;Defense;;Chronicle Department Store;;;POTENTIALLY BUGGED VALUES
182;Defence Equation;;風 (Wind);50;50;Defense;;Chronicle Department Store;;;
183;Power Charge;;山 (Mountain);60;60;Defense;;Chronicle Department Store;;;
184;Divine Stamp;;火 (Fire);70;70;Defense;Shoot Block;Chronicle Department Store;;;
185;Dual Storm;;林 (Forest);70;70;Defense;;Chronicle Department Store;;;
186;Ground Quake;;山 (Mountain);85;85;Defense;Shoot Block;Chronicle Department Store;;;
187;Trina Tumble;;林 (Forest);70;70;Defense;;Chronicle Department Store;;;
188;Warsaw;;火 (Fire);85;80;Defense;;Chronicle Department Store;;;
189;Jungle Jam;;林 (Forest);100;100;Defense;Shoot Block;Chronicle Department Store;;;
190;Bindweed;;林 (Forest);100;100;Defense;;Chronicle Department Store;;;
191;Stealth Step;;風 (Wind);100;100;Defense;;Chronicle Department Store;;;
192;Phalanx;;山 (Mountain);100;100;Defense;;Chronicle Department Store;;;
193;Pressure Punch;;火 (Fire);50;50;Keep;;Chronicle Department Store;;;
194;Tornado Catch;;風 (Wind);50;50;Keep;;Chronicle Department Store;;;
195;Killer Blade;;林 (Forest);50;50;Keep;;Chronicle Department Store;;;
196;Ultrasonic;;林 (Forest);50;60;Keep;;Chronicle Department Store;;;POTENTIALLY BUGGED VALUES
197;Aurora Curtain;;風 (Wind);60;50;Keep;;Chronicle Department Store;;;POTENTIALLY BUGGED VALUES
198;Counter Strike;;火 (Fire);70;70;Keep;;Chronicle Department Store;;;
199;Clone Block;;林 (Forest);85;80;Keep;;Chronicle Department Store;;;
200;Volcano Head;;火 (Fire);85;80;Keep;;Chronicle Department Store;;;
201;Psychlone;;林 (Forest);100;100;Keep;;Chronicle Department Store;;;
202;Bounce Handler;;林 (Forest);100;100;Keep;;Chronicle Department Store;;;
203;Dragon Rage Dunk;;風 (Wind);100;100;Keep;;Chronicle Department Store;;;
204;Freeze Shot;フリーズショット;林 (Forest);50;50;Shoot;;Vs Store;Magic Moves (Odaiba Branch);4,61;
205;Kung Fu Fighting;クンフーアタック;山 (Mountain);50;50;Shoot;Counter Shoot;Vs Store;;5,97;
206;Inazuma-1 Drop;イナズマ１号落とし;風 (Wind);85;80;Shoot;;Vs Store;;7,31;
207;Ganymede Ray;ガニメデプロトン;林 (Forest);60;60;Shoot;Counter Shoot;Vs Store;;5,71;
208;Cosmic Blast;ユニバースブラスト;林 (Forest);70;70;Shoot;;Vs Store;;6,96;
209;Gaia Break;ガイアブレイク;山 (Mountain);85;80;Shoot;;Vs Store;;7,42;
210;Space Penguin;スペースペンギン;風 (Wind);100;100;Shoot;;Vs Store;;10,98;
211;Steeple Shot;通天閣シュート;火 (Fire);60;60;Shoot;;Vs Store;;5,04;
212;Tiger Drive;タイガードライブ;山 (Mountain);60;60;Shoot;Long Shoot;Vs Store;;5,9;
213;Hellfire;ヘルファイア;火 (Fire);60;60;Shoot;;Vs Store;Magic Moves (Odaiba Branch);5,26;
214;Thunder Beast;サンダービースト;風 (Wind);70;70;Shoot;;Vs Store;;7,54;
215;The Tube;ザ・チューブ;風 (Wind);60;60;Shoot;;Vs Store;;4,57;
216;Pegasus Shot;ペガサスショット;林 (Forest);70;70;Shoot;;Vs Store;;6,07;
217;Unicorn Boost;ユニコーンブースト;山 (Mountain);85;80;Shoot;;Vs Store;;6,15;
218;Almighty Cannon;ゴッドキャノン;山 (Mountain);70;70;Shoot;;Vs Store;;5,54;
219;Doom Rain;デスレイン;火 (Fire);60;60;Shoot;Long Shoot;Vs Store;;6,36;
220;Emperor Penguin 7;皇帝ペンギン７;風 (Wind);85;80;Shoot;Long Shoot;Vs Store;;7,36;
221;Ballista Barrage;バリスタショット;山 (Mountain);60;60;Shoot;Long Shoot;Vs Store;;4,72;
222;Supernatural Strike;デビルバースト;火 (Fire);70;70;Shoot;;Vs Store;;7,52;
223;Matchlock Bullet;火縄バレット;火 (Fire);60;60;Shoot;Long Shoot;Vs Store;;6,26;
224;Holy Roller;ゴッドウィンド;風 (Wind);70;70;Shoot;;Vs Store;;5,68;
225;Prima Donna;プリマドンナ;山 (Mountain);60;60;Offense;;Vs Store;;8,61;
226;Wind God's Dance;風神の舞;風 (Wind);70;70;Offense;;Vs Store;;6,22;
227;Log Roll;なみのりピエロ;風 (Wind);50;50;Offense;;Vs Store;Magic Moves (Odaiba Branch);6,79;
228;Dance on Air;スカイウォーク;山 (Mountain);60;60;Offense;;Vs Store;;4,87;
229;Heart Beat;アグレッシブビート;火 (Fire);70;70;Offense;;Vs Store;;6,01;
230;Easy Breezy Kid;そよヤギステップ;風 (Wind);70;70;Offense;;Vs Store;;5,27;
231;Quick Draw;クイックドロウ;林 (Forest);50;50;Defense;;Vs Store;Magic Moves (Odaiba Branch);3,57;
232;Spider Web;蜘蛛の糸;林 (Forest);60;60;Defense;;Vs Store;Magic Moves (Odaiba Branch);4,89;
233;Cyclone;サイクロン;風 (Wind);60;60;Defense;;Vs Store;;4,54;
234;Shadow Stitch;影縫い;林 (Forest);60;60;Defense;;Vs Store;Magic Moves (Odaiba Branch);4,85;
235;Flame Dance;フレイムダンス;火 (Fire);70;70;Defense;;Vs Store;Magic Moves (Odaiba Branch);6,47;
236;Iron Wall;アイアンウォール;山 (Mountain);70;70;Defense;Shoot Block;Vs Store;;5,06;
237;Dawnrise;ゴー・トゥ・ヘブン;風 (Wind);70;70;Defense;;Vs Store;;5,01;
238;Duskfall;ゴー・トゥ・ヘル;林 (Forest);70;70;Defense;;Vs Store;;4,77;
239;Hyper-Swiper;ワンダートラップ;風 (Wind);60;60;Defense;;Vs Store;;6,12;
240;Overnight Fortress;一夜城;火 (Fire);85;80;Defense;Shoot Block;Vs Store;Magic Moves (Odaiba Branch);5,79;
241;Okehazama Ravine;オケハザマウォール;山 (Mountain);60;60;Defense;Shoot Block;Vs Store;;6,07;
242;Fireball Knuckle;熱血パンチ;火 (Fire);50;50;Keep;;Vs Store;;3,12;
243;Warp Space;ゆがむ空間;林 (Forest);50;50;Keep;;Vs Store;;4,62;
244;Triple Defence;トリプルディフェンス;山 (Mountain);70;70;Keep;;Vs Store;;6,12;
245;Gigant Wall;ギガントウォール;山 (Mountain);70;70;Keep;;Vs Store;;6,32;
246;Blazing Knuckle;爆裂パンチ;火 (Fire);60;60;Keep;;Vs Store;;5,77;
247;Flame Breath;火炎放射;火 (Fire);50;50;Keep;;Vs Store;Magic Moves (Odaiba Branch);7,02;
248;Drill Smasher;ドリルスマッシャー;火 (Fire);85;80;Keep;;Vs Store;;5,51;
249;Safety First;セーフティープロテクト;風 (Wind);50;50;Keep;;Vs Store;;5,84;
250;God Hand X;ゴッドハンドＸ;火 (Fire);85;80;Keep;;Vs Store;;6,39;
251;Celestial Zone;ホーリーゾーン;風 (Wind);85;80;Keep;;Vs Store;;6,11;
252;The End;ジ・エンド;林 (Forest);85;80;Keep;;Vs Store;;6,92;
253;Fingers of Gaia;フェンス・オブ・ガイア;山 (Mountain);60;60;Keep;;Vs Store;;6,07;
254;Capable Hands;無頼ハンド;火 (Fire);70;70;Keep;;Vs Store;;6,51;
255;Stomper Stopper;ドーンシャウト;林 (Forest);60;60;Keep;;Vs Store;Magic Moves (Odaiba Branch);5,79;
256;Jumping Whack;ぶっとびパンチ;山 (Mountain);60;60;Keep;;Vs Store;;6,52;
257;Double God Hand;ゴッドハンドＷ;山 (Mountain);85;80;Keep;;Vs Store;;8,01;
258;Penguin the Hand;ペンギン・ザ・ハンド;無 (Void);70;70;Keep;;Vs Store;;9,09;
259;Snake Shot;;山 (Mountain);50;50;Shoot;;Vs Store;;;
260;Comet Shot;;風 (Wind);50;50;Shoot;Long Shoot;Vs Store;;;
261;Psycho Shot;;林 (Forest);50;50;Shoot;;Vs Store;;;
262;Heel Kick;;火 (Fire);50;50;Shoot;;Vs Store;;;
263;Teleport Shot;;山 (Mountain);60;60;Shoot;;Vs Store;;;
264;Dinosaur Roar;;山 (Mountain);60;70;Shoot;;Vs Store;;;POTENTIALLY BUGGED VALUES
265;Tusk Force;;林 (Forest);60;60;Shoot;;Vs Store;;;
266;Dragon Cannon;;火 (Fire);70;70;Shoot;Counter Shoot;Vs Store;;;
267;Double Wrath Shot;;林 (Forest);70;70;Shoot;Counter Shoot;Vs Store;;;
268;Assault Shot;;火 (Fire);85;80;Shoot;Long Shoot;Vs Store;;;
269;Gusher Crusher;;火 (Fire);70;70;Shoot;;Vs Store;;;
270;Gold Rush;;山 (Mountain);70;70;Shoot;;Vs Store;;;
271;Straight Counter;;風 (Wind);70;70;Shoot;Counter Shoot;Vs Store;;;
272;Double Tornado;;林 (Forest);85;80;Shoot;Counter Shoot;Vs Store;;;
273;Asteride;;風 (Wind);70;70;Shoot;Long Shoot;Vs Store;;;
274;Dust Javelin;;山 (Mountain);85;80;Shoot;;Vs Store;;;
275;Bubble Trouble;;風 (Wind);85;80;Shoot;;Vs Store;;;
276;Dimensional Deluge;;林 (Forest);85;80;Shoot;Counter Shoot;Vs Store;;;
277;Supermassive Shot;;山 (Mountain);100;100;Shoot;Counter Shoot;Vs Store;;;
278;Fire Tornado TC;;火 (Fire);100;100;Shoot;;Vs Store;;;
279;Great Blaster;;無 (Void);100;100;Shoot;;Vs Store;;;
280;Big Bang Slash;;林 (Forest);100;100;Shoot;;Vs Store;;;
281;Werewolf Howl;;火 (Fire);100;100;Shoot;;Vs Store;;;
282;Nocturne;;風 (Wind);100;100;Shoot;;Vs Store;;;
283;Volcanic Lightning;;火 (Fire);100;100;Shoot;;Vs Store;;;
284;Magic Amp;;林 (Forest);100;100;Shoot;;Vs Store;;;
285;Loyal Heart Shot;;火 (Fire);100;100;Shoot;;Vs Store;;;
286;Galactic GigaFall;;無 (Void);100;100;Shoot;;Vs Store;;;
287;Rodeo Clown;;風 (Wind);50;50;Offense;;Vs Store;;;
288;Poison Fog;;風 (Wind);50;50;Offense;;Vs Store;;;
289;Moonsault;;風 (Wind);50;50;Offense;;Vs Store;;;
290;Magic;;林 (Forest);50;50;Offense;;Vs Store;;;
291;Pyrokinetic;;火 (Fire);50;60;Offense;;Vs Store;;;POTENTIALLY BUGGED VALUES
292;Hoopsie-Daisy;;風 (Wind);50;50;Offense;;Vs Store;Magic Moves (Odaiba Branch);;
293;Foul Offence;;火 (Fire);60;60;Offense;;Vs Store;;;
294;Fugue Wave;;林 (Forest);60;70;Offense;;Vs Store;;;POTENTIALLY BUGGED VALUES
295;Format Disk;;無 (Void);60;70;Offense;;Vs Store;;;POTENTIALLY BUGGED VALUES
296;Z Slash;;林 (Forest);60;60;Offense;;Vs Store;;;
297;Rolling Hell;;山 (Mountain);70;70;Offense;;Vs Store;;;
298;Eye of the Storm;;林 (Forest);70;80;Offense;;Vs Store;;;POTENTIALLY BUGGED VALUES
299;Desert Drift;;山 (Mountain);70;70;Offense;;Vs Store;;;
300;Silk Road;;火 (Fire);70;70;Offense;;Vs Store;;;
301;Major Miner;;山 (Mountain);85;80;Offense;;Vs Store;;;
302;Magmire;;火 (Fire);85;80;Offense;;Vs Store;;;
303;Mushroom Hop;;林 (Forest);85;80;Offense;;Vs Store;;;
317;Holograb;;山 (Mountain);100;100;Offense;;Vs Store;;;
332;Diffusal Chord;;火 (Fire);100;100;Offense;;Vs Store;;;
434;Horn Train;;火 (Fire);50;50;Defense;Shoot Block;Vs Store;;;
435;About Face;;山 (Mountain);50;50;Defense;;Vs Store;;;
436;Heavy Mettle;;山 (Mountain);50;60;Defense;Shoot Block;Vs Store;;;POTENTIALLY BUGGED VALUES
437;Copy Cut;;山 (Mountain);50;50;Defense;;Vs Store;;;
438;Willy-Willy;;山 (Mountain);50;60;Defense;;Vs Store;;;POTENTIALLY BUGGED VALUES
439;Fake Bomber;;火 (Fire);60;60;Defense;;Vs Store;;;
440;Maestro's Call;;林 (Forest);60;60;Defense;Shoot Block;Vs Store;;;
441;Sleeping Dust;;林 (Forest);70;70;Defense;;Vs Store;;;
442;Desert Blast;;風 (Wind);70;70;Defense;;Vs Store;;;
443;Asterocks;;火 (Fire);70;70;Defense;Shoot Block;Vs Store;;;
444;Fancy-Footwork;;火 (Fire);70;70;Defense;;Vs Store;;;
445;Center Scythe Slice;;林 (Forest);70;70;Defense;Shoot Block;Vs Store;;;
446;Volcanic Flight;;火 (Fire);70;80;Defense;;Vs Store;;;POTENTIALLY BUGGED VALUES
447;Floral Fiesta;;山 (Mountain);85;85;Defense;;Vs Store;;;POTENTIALLY BUGGED VALUES
448;Under Miner;;山 (Mountain);85;80;Defense;;Vs Store;;;
449;Waterfall;;風 (Wind);85;80;Defense;Shoot Block;Vs Store;;;
450;Rock Hammer;;山 (Mountain);85;80;Defense;;Vs Store;;;
451;Judgement Ray;;火 (Fire);100;100;Defense;;Vs Store;;;
452;Psychic Lift;;火 (Fire);100;100;Defense;;Vs Store;;;
453;Wild Claw;;山 (Mountain);50;50;Keep;;Vs Store;;;
454;Utter Gutsiness Catch;;山 (Mountain);50;50;Keep;;Vs Store;;;
455;Fireball Head;;火 (Fire);50;50;Keep;;Vs Store;;;
456;Whip Crack;;風 (Wind);50;60;Keep;;Vs Store;;;POTENTIALLY BUGGED VALUES
457;Wild Dunk;;風 (Wind);50;50;Keep;;Vs Store;;;
458;All-Star;;風 (Wind);60;70;Keep;;Vs Store;;;POTENTIALLY BUGGED VALUES
459;Twist 'n' Clout;;林 (Forest);60;60;Keep;;Vs Store;;;
460;Burnout Blast;;火 (Fire);70;70;Keep;;Vs Store;;;
461;Menace Elbow;;風 (Wind);70;70;Keep;;Vs Store;;;
462;Sand Blaster;;山 (Mountain);85;80;Keep;;Vs Store;;;
463;Hydro Breath;;風 (Wind);85;80;Keep;;Vs Store;;;
464;Venus Balltrap;;林 (Forest);85;80;Keep;;Vs Store;;;
465;Claw de Force;;風 (Wind);85;80;Keep;;Vs Store;;;
466;White Hole;;風 (Wind);100;100;Keep;;Vs Store;;;
467;Bastion Block;;火 (Fire);100;100;Keep;;Vs Store;;;
468;Dark Reversal;;風 (Wind);100;100;Keep;;Vs Store;;;
469;Solution Boost;;林 (Forest);60;60;Shoot;;Vs Store;;;
470;Legendary Silver Wolf;;風 (Wind);60;60;Shoot;Long Shoot;Vs Store;;;
471;Flying Marlin;;風 (Wind);60;60;Shoot;Long Shoot;Vs Store;;;
472;Peaky Breezy;;風 (Wind);60;60;Offense;;Vs Store;;;
473;Hoopsie-Loop;;風 (Wind);60;60;Offense;;Vs Store;;;
474;Frost Finesse;;風 (Wind);60;60;Offense;;Vs Store;;;
475;Falcon Counter;;火 (Fire);60;60;Offense;;Vs Store;;;
476;Matrix Eye;;林 (Forest);60;60;Offense;;Vs Store;;;
477;Phantasm Dribble;;林 (Forest);60;60;Offense;;Vs Store;;;
478;Look! A Rice Ball;;林 (Forest);60;60;Offense;;Vs Store;;;
479;Amp Beat;;火 (Fire);60;60;Offense;;Vs Store;;;
480;Vigorous Stomp;;火 (Fire);60;60;Defense;Shoot Block;Vs Store;;;
481;Dark Mist;;林 (Forest);60;60;Defense;Shoot Block;Vs Store;;;
482;Dramatic Swipe;;風 (Wind);60;60;Defense;;Vs Store;;;
483;Runaway Bull;;火 (Fire);60;60;Defense;;Vs Store;;;
484;Metal Hammer;;山 (Mountain);60;60;Defense;;Vs Store;Magic Moves (Odaiba Branch);;
485;Northern Impact;ノーザンインパクト;風 (Wind);70;70;Shoot;;Magic Moves (Odaiba Branch);Magic Moves (Arcade Branch);5,77;
486;Slingshot;スリングショット;山 (Mountain);85;80;Shoot;;Magic Moves (Odaiba Branch);Magic Moves (Arcade Branch);6,72;
487;Double Helix;スプリングアロー;林 (Forest);60;60;Shoot;;Magic Moves (Odaiba Branch);Magic Moves (Arcade Branch);7,09;
488;Revolution V;レボリューションＶ;風 (Wind);60;60;Shoot;;Magic Moves (Odaiba Branch);Magic Moves (Arcade Branch);6,56;
489;Eagle Buster;イーグルバスター;山 (Mountain);60;60;Shoot;Long Shoot;Magic Moves (Odaiba Branch);Magic Moves (Arcade Branch);7,98;
490;Atomic Flare;アトミックフレア;火 (Fire);70;70;Shoot;Counter Shoot;Magic Moves (Odaiba Branch);Magic Moves (Arcade Branch);5,76;
491;Maximum Fire;マキシマムファイア;火 (Fire);60;60;Shoot;;Magic Moves (Odaiba Branch);Magic Moves (Arcade Branch);6,14;
492;White Hurricane;ホワイトハリケーン;風 (Wind);60;60;Shoot;Counter Shoot;Magic Moves (Odaiba Branch);Magic Moves (Arcade Branch);6,76;
493;Dark Energy Star;エクステンドゾーン;林 (Forest);70;70;Shoot;;Magic Moves (Odaiba Branch);Magic Moves (Arcade Branch);6,86;
494;Samba Strike;ストライクサンバ;山 (Mountain);60;60;Shoot;Long Shoot;Magic Moves (Odaiba Branch);Magic Moves (Arcade Branch);5,36;
495;Heavenly Drive;ヘブンドライブ;山 (Mountain);70;70;Shoot;Long Shoot;Magic Moves (Odaiba Branch);Magic Moves (Arcade Branch);7,31;
496;Falling Planet;オーガブレード;山 (Mountain);60;60;Shoot;;Magic Moves (Odaiba Branch);Magic Moves (Arcade Branch);6,02;
497;Triple Threat;エボリューション;山 (Mountain);100;100;Shoot;;Magic Moves (Odaiba Branch);Magic Moves (Arcade Branch);6,26;
498;Shadow Ray;シャドウ・レイ;山 (Mountain);70;70;Shoot;;Magic Moves (Odaiba Branch);Magic Moves (Arcade Branch);6,79;
499;Bungee Ball Burst;バンジースラスト;火 (Fire);60;60;Offense;;Magic Moves (Odaiba Branch);Magic Moves (Arcade Branch);4,89;
500;Big Ball Trick;トリックボール;林 (Forest);50;50;Offense;;Magic Moves (Odaiba Branch);Magic Moves (Arcade Branch);5,87;
501;Clone Faker;分身フェイント;林 (Forest);50;50;Offense;;Magic Moves (Odaiba Branch);Magic Moves (Arcade Branch);4,96;
502;Three-Legged Rush;ニニンサンキャク;山 (Mountain);60;60;Offense;;Magic Moves (Odaiba Branch);Magic Moves (Arcade Branch);6,79;
503;Criss-Cross;ブリタニアクロス;火 (Fire);70;70;Offense;;Magic Moves (Odaiba Branch);Magic Moves (Arcade Branch);6,52;
504;Matador Feint;マタドールフェイント;林 (Forest);50;50;Offense;;Magic Moves (Odaiba Branch);Magic Moves (Arcade Branch);7,18;
505;Dash Storm;ダッシュストーム;風 (Wind);70;70;Offense;;Magic Moves (Odaiba Branch);Magic Moves (Arcade Branch);4,61;
506;Athena's Anthem;オリンポスハーモニー;林 (Forest);70;70;Offense;;Magic Moves (Odaiba Branch);Magic Moves (Arcade Branch);6,19;
507;Water Veil;ウォーターベール;風 (Wind);60;60;Offense;;Magic Moves (Odaiba Branch);Magic Moves (Arcade Branch);4,37;
508;Air Ride;エアライド;風 (Wind);70;70;Offense;;Magic Moves (Odaiba Branch);Magic Moves (Arcade Branch);7,76;
509;Magnetism;マグネットドロー;林 (Forest);50;50;Defense;;Magic Moves (Odaiba Branch);Magic Moves (Arcade Branch);6,24;
510;Fire Drill;スクリュードライバー;火 (Fire);60;60;Defense;;Magic Moves (Odaiba Branch);Magic Moves (Arcade Branch);5,37;
511;Perimeter Zone;プロファイルゾーン;風 (Wind);50;50;Defense;;Magic Moves (Odaiba Branch);Magic Moves (Arcade Branch);5,41;
512;Rolling Slide;ローリングスライド;火 (Fire);60;60;Defense;;Magic Moves (Odaiba Branch);Magic Moves (Arcade Branch);6,01;
514;Electric Impedance;ブリッツブリッジ;無 (Void);50;50;Defense;Shoot Block;Magic Moves (Odaiba Branch);Magic Moves (Arcade Branch);6,67;
515;Harvest;ハーヴェスト;林 (Forest);60;60;Defense;;Magic Moves (Odaiba Branch);Magic Moves (Arcade Branch);4,91;
516;Particle Accelerator;グランドスイーパー;無 (Void);60;60;Defense;Shoot Block;Magic Moves (Odaiba Branch);Magic Moves (Arcade Branch);7,71;
517;Ozone Flayer;エアーバレット;風 (Wind);60;60;Defense;Shoot Block;Magic Moves (Odaiba Branch);Magic Moves (Arcade Branch);6,06;
518;Shooting Star;シューティングスター;火 (Fire);60;60;Defense;Shoot Block;Magic Moves (Odaiba Branch);Magic Moves (Arcade Branch);6,49;
519;Circus Block;ブロックサーカス;山 (Mountain);60;60;Defense;;Magic Moves (Odaiba Branch);Magic Moves (Arcade Branch);5;
520;No Escape;ノーエスケイプ;山 (Mountain);85;80;Defense;;Magic Moves (Odaiba Branch);Magic Moves (Arcade Branch);5,96;
521;Diabolical Cut;デーモンカット;林 (Forest);70;70;Defense;Shoot Block;Magic Moves (Odaiba Branch);Magic Moves (Arcade Branch);5,37;
522;Body Shield;ボディシールド;山 (Mountain);85;80;Defense;;Magic Moves (Odaiba Branch);Magic Moves (Arcade Branch);6,69;
523;Oglitteration;きらきらイリュージョン;林 (Forest);85;80;Defense;;Magic Moves (Odaiba Branch);Magic Moves (Arcade Branch);6,19;
524;Fist Beam;ビームこぶし;火 (Fire);70;70;Keep;;Magic Moves (Odaiba Branch);Magic Moves (Arcade Branch);7,37;
525;Storm Rider;ストームライダー;風 (Wind);60;60;Keep;;Magic Moves (Odaiba Branch);Magic Moves (Arcade Branch);6,86;
526;Capoeira Grab;カポエィラスナッチ;山 (Mountain);60;60;Keep;;Magic Moves (Odaiba Branch);Magic Moves (Arcade Branch);4,77;
527;Needle Hammer;ニードルハンマー;風 (Wind);60;60;Keep;;Magic Moves (Odaiba Branch);Magic Moves (Arcade Branch);5,91;
528;Table-Turner;ちゃぶ台返し;山 (Mountain);60;60;Keep;;Magic Moves (Odaiba Branch);Magic Moves (Arcade Branch);4,94;
529;Shot Stopper;シュートブレイク;火 (Fire);60;60;Keep;;Magic Moves (Odaiba Branch);Magic Moves (Arcade Branch);7,93;
530;Giant Spider;ビッグスパイダー;林 (Forest);60;60;Keep;;Magic Moves (Odaiba Branch);Magic Moves (Arcade Branch);4,67;
531;Crystal Barrier;クリスタルバリア;風 (Wind);60;60;Keep;;Magic Moves (Odaiba Branch);Magic Moves (Arcade Branch);5,37;
532;Crescent Cross;弧月十字掌;無 (Void);70;70;Keep;;Magic Moves (Odaiba Branch);Magic Moves (Arcade Branch);7,11;
533;Dual Smash;デュアルスマッシュ;林 (Forest);60;60;Keep;;Magic Moves (Odaiba Branch);Magic Moves (Arcade Branch);6,37;
534;Double Rocket;ダブルロケット;火 (Fire);70;70;Keep;;Magic Moves (Odaiba Branch);Magic Moves (Arcade Branch);5,56;
535;Rotary Sander;サンドカッター;火 (Fire);70;70;Keep;;Magic Moves (Odaiba Branch);Magic Moves (Arcade Branch);7,81;
536;Bridge to Nowhere;キルブリッジ;風 (Wind);70;70;Keep;;Magic Moves (Odaiba Branch);Magic Moves (Arcade Branch);5,67;
537;Gravity Point;グラビティポイント;林 (Forest);70;70;Keep;;Magic Moves (Odaiba Branch);Magic Moves (Arcade Branch);5,46;
538;Beast Fang;ビーストファング;火 (Fire);85;80;Keep;;Magic Moves (Odaiba Branch);Magic Moves (Arcade Branch);6,09;
539;Million Hands;ミリオンハンズ;火 (Fire);70;70;Keep;;Magic Moves (Odaiba Branch);Magic Moves (Arcade Branch);5,82;
540;Phantom Shot;ファントムシュート;林 (Forest);50;50;Shoot;;Magic Moves (Odaiba Branch);Magic Moves (Arcade Branch);3,3;
541;Rolling Kick;ローリングキック;林 (Forest);50;50;Shoot;;Magic Moves (Odaiba Branch);Magic Moves (Arcade Branch);4,67;
542;Patriot Shot;パトリオットシュート;火 (Fire);60;60;Shoot;Long Shoot;Magic Moves (Odaiba Branch);Magic Moves (Arcade Branch);6,72;
543;Cross Drive;クロスドライブ;風 (Wind);50;50;Shoot;;Magic Moves (Odaiba Branch);Magic Moves (Arcade Branch);5,11;
544;Condor Dive;コンドルダイブ;風 (Wind);50;50;Shoot;;Magic Moves (Odaiba Branch);Magic Moves (Arcade Branch);5,26;
545;Run Ball Run;ラン・ボール・ラン;林 (Forest);50;50;Shoot;;Magic Moves (Odaiba Branch);Magic Moves (Arcade Branch);5,91;
546;Shine Drive;シャインドライブ;火 (Fire);60;60;Shoot;;Magic Moves (Odaiba Branch);Magic Moves (Arcade Branch);4;
547;Tarzan Kick;ターザンキック;山 (Mountain);50;50;Shoot;;Magic Moves (Odaiba Branch);Magic Moves (Arcade Branch);4,89;
548;Dirt Ball;つちだるま;山 (Mountain);50;50;Shoot;;Magic Moves (Odaiba Branch);Magic Moves (Arcade Branch);6,01;
549;Double Grenade;ダブルグレネード;火 (Fire);60;60;Shoot;;Magic Moves (Odaiba Branch);Magic Moves (Arcade Branch);5,75;
550;Dual Strike;デュアルストライク;林 (Forest);60;60;Shoot;;Magic Moves (Odaiba Branch);Magic Moves (Arcade Branch);7,78;
551;Bed of Roses;ローズスプラッシュ;林 (Forest);50;50;Shoot;;Magic Moves (Odaiba Branch);Magic Moves (Arcade Branch);5,06;
552;Security Shot;セキュリティショット;林 (Forest);60;60;Shoot;;Magic Moves (Odaiba Branch);Magic Moves (Arcade Branch);7,84;
553;Megalodon;メガロドン;風 (Wind);60;60;Shoot;;Magic Moves (Odaiba Branch);Magic Moves (Arcade Branch);6,32;
554;Paladin Strike;パラディンストライク;山 (Mountain);60;60;Shoot;;Magic Moves (Odaiba Branch);Magic Moves (Arcade Branch);3,75;
555;Gunshot;ガンショット;火 (Fire);50;50;Shoot;;Magic Moves (Odaiba Branch);Magic Moves (Arcade Branch);5,43;
556;RC Shot;ＲＣシュート;火 (Fire);60;60;Shoot;Long Shoot;Magic Moves (Odaiba Branch);Magic Moves (Arcade Branch);6,96;
557;Bouncing Bomb;バウンドフレイム;火 (Fire);50;50;Shoot;;Magic Moves (Odaiba Branch);Magic Moves (Arcade Branch);4,52;
558;Warhead;ロケットヘッド;火 (Fire);60;60;Shoot;;Magic Moves (Odaiba Branch);Magic Moves (Arcade Branch);5,01;
559;Optimal Trajectory;パーフェクトコース;林 (Forest);50;50;Shoot;;Magic Moves (Odaiba Branch);Magic Moves (Arcade Branch);6,47;
560;Will-o'-the-Wisp Shot;マボロシショット;林 (Forest);60;60;Shoot;;Magic Moves (Odaiba Branch);Magic Moves (Arcade Branch);6,34;
561;Flying Fish;フライングフィッシュ;風 (Wind);50;50;Shoot;Long Shoot;Magic Moves (Odaiba Branch);Magic Moves (Arcade Branch);4,94;
562;Plasma Ball;プラズマボール;風 (Wind);50;50;Shoot;Long Shoot;Magic Moves (Odaiba Branch);Magic Moves (Arcade Branch);5,51;
563;Cupid's Arrow;ラブ・アロー;火 (Fire);60;60;Shoot;Long Shoot;Magic Moves (Odaiba Branch);Magic Moves (Arcade Branch);5,34;
564;Whirlwind Twister;竜巻旋風;風 (Wind);50;50;Offense;;Magic Moves (Odaiba Branch);Magic Moves (Arcade Branch);4,19;
565;Dash Accelerator;ダッシュアクセル;山 (Mountain);50;50;Offense;;Magic Moves (Odaiba Branch);Magic Moves (Arcade Branch);3,47;
566;Monkey Turn;モンキーターン;山 (Mountain);50;50;Offense;;Magic Moves (Odaiba Branch);Magic Moves (Arcade Branch);3,9;
567;Aurora Dribble;オーロラドリブル;風 (Wind);70;70;Offense;;Magic Moves (Odaiba Branch);Magic Moves (Arcade Branch);6,36;
568;Kangaroo Kick;カンガルーキック;山 (Mountain);50;50;Offense;;Magic Moves (Odaiba Branch);Magic Moves (Arcade Branch);4,47;
570;Heel Drop;ならく落とし;火 (Fire);60;60;Offense;;Magic Moves (Odaiba Branch);Magic Moves (Arcade Branch);4,39;
571;Dog Run;ドッグラン;火 (Fire);50;50;Offense;;Magic Moves (Odaiba Branch);Magic Moves (Arcade Branch);6,26;
572;Boomerang Bluff;ブーメランフェイント;山 (Mountain);50;50;Offense;;Magic Moves (Odaiba Branch);Magic Moves (Arcade Branch);5,84;
573;Blast Mine;クレイモア;山 (Mountain);60;60;Offense;;Magic Moves (Odaiba Branch);Magic Moves (Arcade Branch);6,79;
574;Spin Out;スピニングアッパー;風 (Wind);60;60;Offense;;Magic Moves (Odaiba Branch);Magic Moves (Arcade Branch);6,07;
575;Transporter Device;トランスムーブ;林 (Forest);60;60;Offense;;Magic Moves (Odaiba Branch);Magic Moves (Arcade Branch);6,79;
576;Swallow Counter;ツバメ返し;火 (Fire);60;60;Offense;;Magic Moves (Odaiba Branch);Magic Moves (Arcade Branch);6,21;
577;Fake Ball;フェイクボール;林 (Forest);50;50;Defense;;Magic Moves (Odaiba Branch);Magic Moves (Arcade Branch);3,81;
578;Sumo Stomp;四股踏み;山 (Mountain);50;50;Defense;;Magic Moves (Odaiba Branch);Magic Moves (Arcade Branch);4,44;
579;Blade Attack;ブレードアタック;風 (Wind);50;50;Defense;;Magic Moves (Odaiba Branch);Magic Moves (Arcade Branch);5,96;
580;Land of Ice;アイスグランド;風 (Wind);60;60;Defense;;Magic Moves (Odaiba Branch);Magic Moves (Arcade Branch);5,87;
581;Super Sumo Stomp;スーパー四股踏み;火 (Fire);60;60;Defense;Shoot Block;Magic Moves (Odaiba Branch);Magic Moves (Arcade Branch);6,39;
582;Gravestone;グレイブストーン;山 (Mountain);60;60;Defense;;Magic Moves (Odaiba Branch);Magic Moves (Arcade Branch);6,97;
583;Racing Flame;地走り火炎;火 (Fire);60;60;Defense;;Magic Moves (Odaiba Branch);Magic Moves (Arcade Branch);4,46;
584;Thief's Eye;シーフ・アイ;林 (Forest);50;50;Defense;;Magic Moves (Odaiba Branch);Magic Moves (Arcade Branch);6,31;
585;Slice and Dice;ツインミキサー;火 (Fire);60;60;Defense;;Magic Moves (Odaiba Branch);Magic Moves (Arcade Branch);6,34;
586;Pincer Pinch;ビッグシザース;火 (Fire);60;60;Defense;;Magic Moves (Odaiba Branch);Magic Moves (Arcade Branch);5,56;
587;Jumbo Sandwich;エレファントプレス;山 (Mountain);70;70;Defense;;Magic Moves (Odaiba Branch);Magic Moves (Arcade Branch);5,61;
588;Fractal Repeller;フラクタルハウス;山 (Mountain);70;70;Defense;;Magic Moves (Odaiba Branch);Magic Moves (Arcade Branch);7,61;
589;Tesla Coil;コイルアッパー;林 (Forest);60;60;Defense;;Magic Moves (Odaiba Branch);Magic Moves (Arcade Branch);5,62;
590;Wood Chopper;薪割りチョップ;山 (Mountain);60;60;Keep;;Magic Moves (Odaiba Branch);Magic Moves (Arcade Branch);4,74;
591;Whirlwind;つむじ;風 (Wind);50;50;Keep;;Magic Moves (Odaiba Branch);Magic Moves (Arcade Branch);6,6;
592;Rocket Kobushi;ロケットこぶし;火 (Fire);60;60;Keep;;Magic Moves (Odaiba Branch);Magic Moves (Arcade Branch);6,39;
593;Flower Power;花吹雪;風 (Wind);50;50;Keep;;Magic Moves (Odaiba Branch);Magic Moves (Arcade Branch);6,64;
594;Black Hole;ブラックホール;林 (Forest);60;60;Keep;;Magic Moves (Odaiba Branch);Magic Moves (Arcade Branch);6,16;
595;Barrier Reef;グレートバリアリーフ;風 (Wind);60;60;Keep;;Magic Moves (Odaiba Branch);Magic Moves (Arcade Branch);6,69;
596;Galatyn;ガラティーン;風 (Wind);60;60;Keep;;Magic Moves (Odaiba Branch);Magic Moves (Arcade Branch);5,32;
597;Anchors Aweigh;ハイドロアンカー;風 (Wind);50;50;Keep;;Magic Moves (Odaiba Branch);Magic Moves (Arcade Branch);6,19;
598;Shadow Catch;影掴み;林 (Forest);50;50;Keep;;Magic Moves (Odaiba Branch);Magic Moves (Arcade Branch);5,46;
599;Somersault Stamp;ムーンサルトスタンプ;風 (Wind);50;50;Keep;;Magic Moves (Odaiba Branch);Magic Moves (Arcade Branch);6,94;
600;Breath Taker;エクセレントブレスト;山 (Mountain);50;50;Keep;;Magic Moves (Odaiba Branch);Magic Moves (Arcade Branch);5,06;
601;Phantom Shot;ファントムシュート;林 (Forest);50;50;Shoot;;Magic Moves (Odaiba Branch);Magic Moves (Arcade Branch);3,3;
602;Sonic Shot;ソニックショット;風 (Wind);60;60;Shoot;;Magic Moves (Odaiba Branch);Magic Moves (Arcade Branch);6,32;
603;Chip Shot;;;30;30;Shoot;;Special Training Booth;;;
604;Curve Shot;;;30;30;Shoot;;Special Training Booth;;;
605;Bounce Shot;;;30;30;Shoot;;Special Training Booth;;;
606;Power Shot;;;30;30;Shoot;;Special Training Booth;;;
607;Low Drive;;;30;30;Shoot;;Special Training Booth;;;
608;Wrath Shot;百烈ショット;林 (Forest);50;50;Shoot;;Special Training Booth;;4,12;
609;Grenade Shot;グレネードショット;火 (Fire);50;50;Shoot;;Special Training Booth;;3,52;
610;Spinning Shot;スピニングシュート;風 (Wind);50;50;Shoot;;Special Training Booth;;5,27;
611;Clone Shot;分身シュート;林 (Forest);50;50;Shoot;;Special Training Booth;;6,54;
612;Spiral Shot;スパイラルショット;風 (Wind);50;50;Shoot;;Special Training Booth;;3,94;
613;Reflect Buster;リフレクトバスター;山 (Mountain);60;60;Shoot;;Special Training Booth;;6,62;
614;Kung Fu Header;クンフーヘッド;林 (Forest);50;50;Shoot;;Special Training Booth;;4,81;
615;Divine Arrows;ディバインアロー;風 (Wind);60;60;Shoot;;Special Training Booth;;5,44;
616;Back Tornado;バックトルネード;風 (Wind);60;60;Shoot;Counter Shoot;Special Training Booth;;4,96;
617;Dark Tornado;ダークトルネード;林 (Forest);60;60;Shoot;Counter Shoot;Special Training Booth;;4,61;
618;Rainbow Arc;レインボーループ;山 (Mountain);50;50;Shoot;Long Shoot;Special Training Booth;;5,32;
619;Acrobat Bomber;トカチェフボンバー;林 (Forest);60;60;Shoot;;Special Training Booth;;5,45;
620;Fire Blizzard;ファイアブリザード;風 (Wind);85;80;Shoot;;Special Training Booth;;6,19;
621;Triple Boost;トリプルブースト;火 (Fire);85;80;Shoot;Long Shoot;Special Training Booth;;5,92;
622;Cross Fire;クロスファイア;火 (Fire);100;100;Shoot;;Special Training Booth;;6,37;
623;Whirlwind Drop;竜巻落とし;風 (Wind);85;80;Shoot;;Special Training Booth;;7,18;
624;Mirage Shot;ミラージュシュート;林 (Forest);60;60;Shoot;;Special Training Booth;;5,89;
625;Double Jaw;ダブル・ジョー;火 (Fire);60;60;Shoot;;Special Training Booth;;6,16;
626;Dark Matter;ダークマター;林 (Forest);60;60;Shoot;Counter Shoot;Special Training Booth;;5,76;
627;Brimstone Rain;ジョーカーレインズ;林 (Forest);70;70;Shoot;;Special Training Booth;;7,2;
628;Snowstorm Leopard;パンサーブリザード;風 (Wind);70;70;Shoot;;Special Training Booth;;6,13;
629;Spin Meister;スピニングトランザム;風 (Wind);50;50;Shoot;;Special Training Booth;;6,22;
630;Accelerator Gears;ギアドライブ;山 (Mountain);60;60;Shoot;;Special Training Booth;;6,52;
631;Twin Sun Smash;双飛遊星弾;山 (Mountain);70;70;Shoot;Counter Shoot;Special Training Booth;;7,27;
632;Spring Thunderclap;春雷;風 (Wind);100;100;Shoot;;Special Training Booth;;8,44;
633;Sunshine Splitter;サンシャインブレード;火 (Fire);60;60;Shoot;;Special Training Booth;;8,61;
634;Force Flash;剛の一閃;山 (Mountain);60;60;Shoot;;Special Training Booth;;7,06;
635;Swirly Shot;ぐるぐるシュート;風 (Wind);50;50;Shoot;;Special Training Booth;;5,79;
636;Cheat Blaster;チートブラスター;火 (Fire);70;70;Shoot;;Special Training Booth;;7,21;
637;Sniper Shot;エイムショット;風 (Wind);50;50;Shoot;;Special Training Booth;;5,51;
638;Royal Penguin Parade;ペンギン・ザ・パレード;林 (Forest);85;80;Shoot;;Special Training Booth;;9,14;
639;Meteoric Fire Tornado;メテオッド・ファイアトルネード;火 (Fire);85;80;Shoot;;Special Training Booth;;;
640;Bahamut Crash;バハムートクラッシュ;林 (Forest);70;70;Shoot;;Special Training Booth;;;
641;Heavenly Thunder;天空サンダー;風 (Wind);60;60;Shoot;;Special Training Booth;;8,36;
642;Dust Kick;;;30;30;Offense;;Special Training Booth;;;
643;Crosscut Feint;;;30;30;Offense;;Special Training Booth;;;
644;Heel Flick;;;30;30;Offense;;Special Training Booth;;;
645;Nutmeg;;;30;30;Offense;;Special Training Booth;;;
646;Feint Dash;;;30;30;Offense;;Special Training Booth;;;
647;Deceptive Step;;;30;30;Offense;;Special Training Booth;;;
648;Zipzag Spark;ジグザグスパーク;風 (Wind);50;50;Offense;;Special Training Booth;;;
649;Super Armadillo;スーパーアルマジロ;山 (Mountain);50;50;Offense;;Special Training Booth;;3,74;
650;Afterimage;残像;林 (Forest);60;60;Offense;;Special Training Booth;;5,49;
651;Mole Fake;モグラフェイント;山 (Mountain);50;50;Offense;;Special Training Booth;;3,98;
652;Deceptor Dribble;まぼろしドリブル;林 (Forest);60;60;Offense;;Special Training Booth;;5,89;
653;Double Touch;ひとりワンツー;火 (Fire);60;60;Offense;;Special Training Booth;;5,72;
654;Aikido;合気道;風 (Wind);70;70;Offense;;Special Training Booth;;6,14;
655;Meteor Shower;メテオシャワー;火 (Fire);70;70;Offense;;Special Training Booth;;6,67;
656;The Ikaros;ジ・イカロス;火 (Fire);70;70;Offense;;Special Training Booth;;7,29;
657;Super Elastico;スーパーエラシコ;山 (Mountain);60;60;Offense;;Special Training Booth;;6,07;
658;Ultra Moon;ウルトラムーン;林 (Forest);70;70;Offense;;Special Training Booth;;6,06;
659;Frosticle;ホワイトブレード;風 (Wind);60;60;Offense;;Special Training Booth;;5,41;
660;Tornado Tunnel;風穴ドライブ;風 (Wind);70;70;Offense;;Special Training Booth;;4,64;
661;Plasma Cut;スパークエッジドリブル;火 (Fire);60;60;Offense;;Special Training Booth;;5,46;
662;Endeavor Rush;エンデバーラン;風 (Wind);50;50;Offense;;Special Training Booth;;5,76;
663;Grand Glow;オーバーグロウ;火 (Fire);50;50;Offense;;Special Training Booth;;5,72;
664;Niagara Falls;ナイアガラフォールズ;風 (Wind);60;60;Offense;;Special Training Booth;;4,62;
665;Ghoulish Glare;ブラックメイル;火 (Fire);70;70;Offense;;Special Training Booth;;6,01;
666;Marshal's Light;ジェネラル・フラッグ;山 (Mountain);85;80;Offense;;Special Training Booth;;7,09;
667;Feint Play;;;30;30;Defense;;Special Training Booth;;;
668;Shoulder Tackle;;;30;30;Defense;;Special Training Booth;;;
669;Curving Cut;;;30;30;Defense;;Special Training Booth;;;
670;Cunning Pull;;;30;30;Defense;;Special Training Booth;;;
671;Rolling Steal;;;30;30;Defense;;Special Training Booth;;;
672;Killer Slide;キラースライド;林 (Forest);50;50;Defense;;Special Training Booth;;3,65;
673;Coil Turn;コイルターン;風 (Wind);50;50;Defense;;Special Training Booth;;3,75;
674;Earthquake;アースクェイク;山 (Mountain);50;50;Defense;;Special Training Booth;;4,99;
675;Hurricane Arrows;ハリケーンアロー;風 (Wind);60;60;Defense;;Special Training Booth;;7,31;
676;Spinning Cut;スピニングカット;風 (Wind);50;50;Defense;Shoot Block;Special Training Booth;;4,26;
677;Mega Quake;メガクェイク;山 (Mountain);70;70;Defense;;Special Training Booth;;5,73;
678;Volcano Cut;ボルケイノカット;火 (Fire);60;60;Defense;Shoot Block;Special Training Booth;;4,39;
679;Double Cyclone;ダブルサイクロン;風 (Wind);70;70;Defense;;Special Training Booth;;4,27;
680;Whirlwind Force;旋風陣;風 (Wind);60;60;Defense;Shoot Block;Special Training Booth;;5,86;
681;Snow Angel;スノーエンジェル;風 (Wind);60;60;Defense;;Special Training Booth;;6,14;
682;Stone Prison;ストーンプリズン;山 (Mountain);60;60;Defense;;Special Training Booth;;5,56;
683;Zigzag Flame;ジグザグフレイム;火 (Fire);60;60;Defense;;Special Training Booth;;4,76;
684;Whirlpool;サルガッソー;風 (Wind);60;60;Defense;;Special Training Booth;;5,09;
685;Cyclone Sprint;スパイラルドロー;風 (Wind);50;50;Defense;;Special Training Booth;;5,66;
686;Side Swipe;バニシングカット;無 (Void);70;70;Defense;;Special Training Booth;;4,59;
687;Acrobotics;無影乱舞;山 (Mountain);85;80;Defense;;Special Training Booth;;5,11;
688;Twirling Turtle;ダンシングタートル;風 (Wind);60;60;Defense;;Special Training Booth;;6,88;
689;Foil Formula;ザ・マトリックス;林 (Forest);50;50;Defense;;Special Training Booth;;5,01;
690;Deep Diver;ディープダイバー;風 (Wind);60;60;Defense;;Special Training Booth;;6,36;
691;The Stronghold;ザ・フォート;山 (Mountain);85;80;Defense;;Special Training Booth;;8,38;
692;Kraken Seaquake;海神・ザ・クェイク;風 (Wind);70;70;Defense;;Special Training Booth;;10,08;
693;Strong Punch;;;30;30;Keep;;Special Training Booth;;;
694;Power Catch;;;30;30;Keep;;Special Training Booth;;;
695;Mighty Save;;;30;30;Keep;;Special Training Booth;;;
696;Power Shield;パワーシールド;火 (Fire);60;60;Keep;;Special Training Booth;;3,34;
697;Shot Pocket;シュートポケット;林 (Forest);50;50;Keep;;Special Training Booth;;4,96;
698;Toughness Block;タフネスブロック;山 (Mountain);60;60;Keep;;Special Training Booth;;4,91;
699;Full Power Shield;フルパワーシールド;火 (Fire);70;70;Keep;;Special Training Booth;;5,31;
700;Burnout;バーンアウト;火 (Fire);60;60;Keep;;Special Training Booth;;5,81;
701;Ice Block;アイスブロック;風 (Wind);60;60;Keep;;Special Training Booth;;4,99;
702;Flash Upper;フラッシュアッパー;山 (Mountain);60;60;Keep;;Special Training Booth;;7,98;
703;Nitro Slap;大爆発張り手;火 (Fire);60;60;Keep;;Special Training Booth;;6,77;
704;Colosseum Guard;コロッセオガード;山 (Mountain);60;60;Keep;;Special Training Booth;;5,55;
705;Electric Trap;エレキトラップ;風 (Wind);60;60;Keep;;Special Training Booth;;8,24;
706;Power Spike;パワースパイク;火 (Fire);50;50;Keep;;Special Training Booth;;5,84;
707;Snakebite;サーペントファング;山 (Mountain);70;70;Keep;;Special Training Booth;;6,99;
708;Gyro-Blocker;ジャイロセービング;林 (Forest);60;60;Keep;;Special Training Booth;;6,09;
709;Icy Grace;氷結の舞;風 (Wind);60;60;Keep;;Special Training Booth;;8,53;
710;Cyber Realm;アウターワールド;林 (Forest);70;70;Keep;;Special Training Booth;;9,44;
711;Stillness Drip;スウェットスティルネス;火 (Fire);50;50;Keep;;Special Training Booth;;6,92;
712;Gravity Dune;グラビティデザート;山 (Mountain);60;60;Keep;;Special Training Booth;;8,86;
713;Silent Inkstroke;明鏡止水;風 (Wind);60;60;Keep;;Special Training Booth;;7,09;
714;Royal Shield;エンパイアシールド;火 (Fire);85;80;Keep;;Special Training Booth;;7,45;
715;Tiger God Hand;ゴッドハンド・タイガー;山 (Mountain);85;80;Keep;;Special Training Booth;;;
716;Sacred Embrace;女神大陸;林 (Forest);100;100;Keep;;Special Training Booth;;;
717;Divine Deflectors;ゴッドフィンガーズ;風 (Wind);100;100;Keep;;Special Training Booth;;8,61;
718;Ultimate Eleven Assault;最強イレブン波動;風 (Wind);100;100;Shoot;;Legendary Chest;;8,73;
719;God Break;ゴッドブレイク;風 (Wind);85;80;Shoot;;Legendary Chest;;7,71;
720;Elemental Destroyer;風林火山デストロイヤー;無 (Void);85;80;Shoot;;Legendary Chest;;8,09;
;The Phoenix;ザ・フェニックス;火 (Fire);85;80;Shoot;;Legendary Chest;;8,59;
;High Voltage;ハイボルテージ;風 (Wind);100;100;Keep;;Legendary Chest;;7,29;
;Zero Magnum;ゼロマグナム;無 (Void);85;80;Shoot;Counter Shoot;Legendary Chest ;;7,29;
;Omega Hand;オメガ・ザ・ハンド;山 (Mountain);100;100;Keep;;Legendary Chest;;8,65;
;Grand Fire;グランドファイア;火 (Fire);100;100;Shoot;Long Shoot;Legendary Chest ;;6,24;
;Celestial Smash;天空落とし;火 (Fire);85;80;Shoot;;Legendary Chest;;7,17;
;Emperor Penguin X;皇帝ペンギンＸ;火 (Fire);85;80;Shoot;;Legendary Chest;;9,86;
;;;;;;;;;;;
;;;;;;;;;;;
;;;;;;;;;;;
;;;;;;;;;;;
;;;;;;;;;;;
;;;;;;;;;;;
;;;;;;;;;;;
;;;;;;;;;;;
;;;;;;;;;;;
;;;;;;;;;;;
;;;;;;;;;;;
;;;;;;;;;;;
;;;;;;;;;;;
;;;;;;;;;;;
;;;;;;;;;;;
;;;;;;;;;;;
;;;;;;;;;;;
;;;;;;;;;;;
;;;;;;;;;;;
;;;;;;;;;;;
;;;;;;;;;;;
;;;;;;;;;;;
;;;;;;;;;;;
;;;;;;;;;;;
;;;;;;;;;;;
;;;;;;;;;;;
;;;;;;;;;;;
;;;;;;;;;;;
;;;;;;;;;;;
;;;;;;;;;;;
;;;;;;;;;;;
;;;;;;;;;;;
;;;;;;;;;;;
;;;;;;;;;;;
;;;;;;;;;;;
;;;;;;;;;;;
;;;;;;;;;;;
;;;;;;;;;;;
;;;;;;;;;;;
;;;;;;;;;;;
;;;;;;;;;;;
;;;;;;;;;;;
;;;;;;;;;;;
;;;;;;;;;;;
;;;;;;;;;;;
;;;;;;;;;;;
;;;;;;;;;;;
;;;;;;;;;;;
;;;;;;;;;;;
;;;;;;;;;;;
;;;;;;;;;;;
;;;;;;;;;;;
;;;;;;;;;;;
;;;;;;;;;;;
;;;;;;;;;;;
;;;;;;;;;;;
;;;;;;;;;;;
;;;;;;;;;;;
;;;;;;;;;;;
;;;;;;;;;;;
;;;;;;;;;;;
;;;;;;;;;;;
;;;;;;;;;;;
;;;;;;;;;;;
;;;;;;;;;;;
;;;;;;;;;;;
;;;;;;;;;;;
;;;;;;;;;;;
;;;;;;;;;;;
;;;;;;;;;;;
;;;;;;;;;;;
;;;;;;;;;;;
;;;;;;;;;;;
;;;;;;;;;;;
;;;;;;;;;;;
;;;;;;;;;;;
;;;;;;;;;;;
;;;;;;;;;;;
;;;;;;;;;;;
;;;;;;;;;;;
;;;;;;;;;;;
;;;;;;;;;;;
;;;;;;;;;;;
;;;;;;;;;;;
;;;;;;;;;;;
;;;;;;;;;;;
;;;;;;;;;;;
;;;;;;;;;;;
;;;;;;;;;;;
;;;;;;;;;;;
;;;;;;;;;;;
;;;;;;;;;;;
;;;;;;;;;;;
;;;;;;;;;;;
;;;;;;;;;;;
;;;;;;;;;;;
;;;;;;;;;;;
;;;;;;;;;;;
;;;;;;;;;;;
;;;;;;;;;;;
;;;;;;;;;;;
;;;;;;;;;;;
;;;;;;;;;;;
;;;;;;;;;;;
;;;;;;;;;;;
;;;;;;;;;;;
;;;;;;;;;;;
;;;;;;;;;;;
;;;;;;;;;;;
;;;;;;;;;;;
;;;;;;;;;;;
;;;;;;;;;;;
;;;;;;;;;;;
;;;;;;;;;;;
;;;;;;;;;;;
;;;;;;;;;;;
;;;;;;;;;;;
;;;;;;;;;;;
;;;;;;;;;;;
;;;;;;;;;;;
;;;;;;;;;;;
;;;;;;;;;;;
;;;;;;;;;;;
;;;;;;;;;;;
;;;;;;;;;;;
;;;;;;;;;;;
;;;;;;;;;;;
;;;;;;;;;;;
;;;;;;;;;;;
;;;;;;;;;;;
;;;;;;;;;;;
;;;;;;;;;;;
;;;;;;;;;;;
;;;;;;;;;;;
;;;;;;;;;;;
;;;;;;;;;;;
;;;;;;;;;;;
;;;;;;;;;;;
;;;;;;;;;;;
;;;;;;;;;;;
;;;;;;;;;;;
;;;;;;;;;;;
;;;;;;;;;;;
;;;;;;;;;;;
;;;;;;;;;;;
;;;;;;;;;;;
;;;;;;;;;;;
;;;;;;;;;;;
;;;;;;;;;;;
;;;;;;;;;;;
;;;;;;;;;;;
;;;;;;;;;;;
;;;;;;;;;;;
;;;;;;;;;;;
;;;;;;;;;;;
;;;;;;;;;;;
;;;;;;;;;;;
;;;;;;;;;;;
;;;;;;;;;;;
;;;;;;;;;;;
;;;;;;;;;;;
;;;;;;;;;;;
;;;;;;;;;;;
;;;;;;;;;;;
;;;;;;;;;;;
;;;;;;;;;;;
;;;;;;;;;;;
;;;;;;;;;;;
;;;;;;;;;;;
;;;;;;;;;;;
;;;;;;;;;;;
;;;;;;;;;;;
;;;;;;;;;;;
;;;;;;;;;;;
;;;;;;;;;;;
;;;;;;;;;;;
;;;;;;;;;;;
;;;;;;;;;;;
;;;;;;;;;;;
;;;;;;;;;;;
;;;;;;;;;;;
;;;;;;;;;;;
;;;;;;;;;;;
;;;;;;;;;;;
;;;;;;;;;;;
;;;;;;;;;;;
;;;;;;;;;;;
;;;;;;;;;;;
;;;;;;;;;;;
;;;;;;;;;;;
;;;;;;;;;;;
;;;;;;;;;;;
;;;;;;;;;;;
;;;;;;;;;;;
;;;;;;;;;;;
;;;;;;;;;;;
;;;;;;;;;;;
;;;;;;;;;;;
;;;;;;;;;;;
;;;;;;;;;;;
;;;;;;;;;;;
;;;;;;;;;;;
;;;;;;;;;;;
;;;;;;;;;;;
;;;;;;;;;;;
;;;;;;;;;;;
;;;;;;;;;;;
;;;;;;;;;;;
;;;;;;;;;;;
;;;;;;;;;;;
;;;;;;;;;;;
;;;;;;;;;;;
;;;;;;;;;;;
;;;;;;;;;;;
;;;;;;;;;;;
;;;;;;;;;;;
;;;;;;;;;;;
;;;;;;;;;;;
;;;;;;;;;;;
;;;;;;;;;;;
;;;;;;;;;;;
;;;;;;;;;;;
;;;;;;;;;;;
;;;;;;;;;;;
;;;;;;;;;;;
;;;;;;;;;;;
;;;;;;;;;;;
;;;;;;;;;;;
;;;;;;;;;;;
;;;;;;;;;;;
;;;;;;;;;;;
;;;;;;;;;;;
;;;;;;;;;;;
;;;;;;;;;;;
;;;;;;;;;;;
;;;;;;;;;;;
;;;;;;;;;;;
;;;;;;;;;;;
;;;;;;;;;;;
;;;;;;;;;;;
;;;;;;;;;;;
;;;;;;;;;;;
;;;;;;;;;;;
;;;;;;;;;;;
;;;;;;;;;;;
;;;;;;;;;;;
;;;;;;;;;;;
;;;;;;;;;;;
;;;;;;;;;;;
;;;;;;;;;;;
;;;;;;;;;;;
;;;;;;;;;;;
;;;;;;;;;;;
;;;;;;;;;;;
;;;;;;;;;;;
;;;;;;;;;;;
;;;;;;;;;;;
;;;;;;;;;;;
;;;;;;;;;;;
;;;;;;;;;;;
;;;;;;;;;;;
;;;;;;;;;;;
;;;;;;;;;;;
;;;;;;;;;;;
;;;;;;;;;;;
;;;;;;;;;;;
