If you have any issues or find incorrect data, feel free to drop feedback here or reply to the Reddit thread here. Data may be inaccurate due to the new update.;;;;;;;;;
;;;;;;;;;
PS: Things here are constantly updating, I can't promise accuracy if you decide to use it for a website ^^;;;;;;;Formulas;;
;;;;;;;;;
;;;;;;;Shoot AT;(Kick + Control);
;;;;;;;Focus AT;(Control + Technique) + (Kick * 0.5);
How to sort sheets without copying to own Drive;;;;;;;Focus DF;(Intelligence + Technique) + (Agility * 0.5);
Data > Create Filter View;;;;;;;Scramble AT;(Physical + Intelligence);
;;;;;;;Scramble DF;(Pressure + Intelligence);
Other Links;;;;;;;Castle Wall DF;(Physical + Pressure);
Emblems and Kits Unlock by Endou;;;;;;;KP;(Agility * 4) + (Physical * 3) + (Pressure * 2);
[CONTAINS SPOILERS] Datamined Character Movesets (Mostly Complete as of 1.4.1 Update);;;;;;;;;
Inazuma Eleven VR scout locations by by Thenekoronin/Frikideredes;;;;;;;Final Shot AT;(Shot AT * Buffs) + (Hissatsu Power * AT Buffs);
Currency Grind Guide for ALL MODES by OtherwiseReveal 8119;;;;;;;Final KP;(KP) + (Hissatsu Power * DF Buffs) <- TO VERIFY;
Investigation of Drop Rate Boosts by Raizuun;;;;;;;;;
Player Rarity Upgrade Bean Cost Swap by New-Feed2890;;;;;;;;;
Efficient Player Spirit Farming Guide;;;;;;;Other notes;;
General Player Building Guide;;;;;;;Counter Shots;;
;;;;;;;While Shot AT directly affects Counter Shot AT, scaling,exact effect of Hissastsu Power and Opposing Final Shot AT is unclear;;
"LEGAL ITEM CODES (Anything not listed here is technically ""illegal"" as of 15 December 2025)";;;;;;;;;
Item;Code;Source;;;;;Bond Transform ;AT/DF +10%;30 seconds
Baby Corodragon Shoot Hissatsu;HPKCYJVQWTWX;Buy the CoroCoro Issue Here;;;;;;Does not copy position nor element for targetted buffs;
Floodlights;カハワヒコツイノモメオサ;Buy Ares Vol 1 Here;;;;;;Copied player equipment is taken in consideration but not beans;
Blitz Training Facility;モトネタヤイカントリキノ;Buy Ares Vol 2 Here;;;;;;Player Rarity matters as the copied stats is based on Rarity;
Football Bench;ヤホンイヨメイシントアワ;Buy Ares Vol 3 Here;;;;;;Level of the character using Bond Transformation also matter (?);
;;;;;;;;It is currently not known if equipment or beans of the character using Bond Transformation is nullified or added onto copied stats;
PATCH 1.5 PASSIVE CAPS;;;;;;;;;
;;;;;Limit;;Basara Passives;;
When at 15% of higher Breach Rate, Team Castle Wall Pierce Rate;;;;;100%;;;;
Team Tension Breach Cost;;;;;-80%;;Playstyle;Passive;
When winning a Focus or Scramble Battle, Team Tension+;;;;;150%;;Breach;Team Breach Rate +1.8%;
When at 50% of higher Tension, Team Focus AT/DF;;;;;50%;;;When tied or behind goals, Team Breach Rate +2.7%;
When at 100% Tension, Team Shot AT;;;;;200%;;Counter;On gaining posession(excluding catches), Team Shot AT +3% (15s);
On gaining posession(excluding catches), Team Shot AT;;;;;100%;;;On gaining posession(excluding catches), Team Shot AT +3.5% (15s);
On gaining posession(excluding catches), [MF] Focus AT & DF;;;;;50%;;Bond;When making a pass, Team Bond Power +5.5%;
On gaining posession(excluding catches), [DF] Focus AT & DF;;;;;50%;;;When at 20% or more Bond Power, Team Direct Shot AT +3.5%;
On gaining posession(excluding catches), [KP] KP;;;;;100%;;Tension;When winning a Focus or Scramble Battle, Team Tension +4%;
On gaining posession(excluding catches), Team Rough Attack AT & DF;;;;;100%;;;When at 50% of higher Tension, Team Focus AT/DF +1.5%;
When making a pass, Team Bond Power;;;;;150%;;Rough Play;When outside the zone, Team Foul Rate -4%;
When at 20% or more Bond Power, Team Scramble AT & DF;;;;;250%;;;On Dash knockback, Team Tension +4%;
When at 20% or more Bond Power, Team Direct Shot AT;;;;;150%;;Justice;Until you incur a foul, Team AT & DF +1.5%;
When losing a Scramble, Team Bond Power Loss;;;;;100%;;;Until you incur a foul, Team AT & DF +2%;
Team Dash Foul Rate;;;;;-80%;;;;
When outside the zone, Team Foul Rate;;;;;-80%;;;;
On Dash knockback, Team Tension;;;;;50%;;;;
On Dash knockback, Team Rough Attack AT & DF;;;;;100%;;;;
On Dash knockback, Team Bond Power ;;;;;200%;;;;
When the opposition commits a foul, Team Bond Power ;;;;;200%;;;;
Until you incur a foul, Team Castle Wall DF;;;;;50%;;;;
Until you incur a foul, Team AT & DF;;;;;50%;;;;
Upon being subbed in, [Substitute Player] AT;;;;;150%;;;;
Upon being subbed in, [Substitute Player] DF;;;;;150%;;;;
Non-Conditional, Own Special Tactics Cooldown;;;;;50%;;;;
For the first half, Team AT;;;;;30%;;;;
For the second half, Team DF;;;;;30%;;;;
;;;;;;;;;
To Do;;;;;;;;;
Create a separate sheet for both released, unreleased and hidden player stats;;;;;;;;;
Add a column in Characters sheet on where to obtain characters (and figure out how to decipher from files because Inagle is inaccurate);;;;;;;;;
Complete investigation on various awakenings, calculations and player slot 1-2 passive generation;;;;;;;;;
Finish adding team icons to the Free Match Drop sheet (hopefully before GalaxyInadan update);;;;;;;;;
Add keshin portraits and awakening icons;;;;;;;;;
Add exchange rates for Spirit Shop (maybe) and eventually BASARA shop;;;;;;;;;
;;;;;;;;;
;;;;;;;;;
Changelog;;;;;;;;;
27/11/25;Initial creation of document;;;;;;;;
28/11/25;Added preliminary passives list;;;;;;;;
;Added english translations for roles and element;;;;;;;;
;Added Kizuna Town Item List;;;;;;;;
;Added preliminary player passive generation rules;;;;;;;;
29/11/25;Added formulas to main sheet;;;;;;;;
;Added preliminary Kizuna Town mechanics;;;;;;;;
;Added preliminary coordinator natural spawn passives;;;;;;;;
30/11/25;Added most player passives;;;;;;;;
1/12/25;Replaced common values with legendary values for coordinator and manager passives;;;;;;;;
;Added hissatsu durations so people who focus farm can optimize builds;;;;;;;;
2/12/25;"Added a sheet for coordinators and their natural passives 
(Thanks Weiss for knocking some sense into me when I was trying to record every 
single possible passive for each playstyle for each character)";;;;;;;;
;Added preliminary free match drop list (Thanks for working with me on this Lock);;;;;;;;
3/12/25;Added managers and their natural passives;;;;;;;;
;Cleaned up free match drops and added most teams in;;;;;;;;
;"Added the remaining Legendary Chest hissatsus and their details (thanks to
everyone on the Inazuma Eleven Reddit Discord for the help!)";;;;;;;;
4/12/25;"Finished adding the remaining story shop equipment
That should be all the equipment until the Galaxy update";;;;;;;;
5/12/25;Added some preferred playstyles for players (Thank you for helping Weiss);;;;;;;;
;Added preliminary player stat calculator;;;;;;;;
;Fixed some issues with the calculator;;;;;;;;
6/12/25;Fixed the romaji names to match the ones found in-game (TY so much Endou);;;;;;;;
;"Added most of the remaining player's playstyles,
 remaining ones should not be in-game yet (TY Kazuki)";;;;;;;;
;Added some emblems to Free Match Drop List;;;;;;;;
7/12/25;Filled in all player passive values ;;;;;;;;
;Fixed some issues with player passive values (mostly number format);;;;;;;;
8/12/25;Added passive caps to this page, I'll move it eventually;;;;;;;;
;Added playstyles to the other character sheet;;;;;;;;
9/12/25;Added Endou's Emblem and Kit sheet to Main sheet;;;;;;;;
;Finally added awakening effects;;;;;;;;
;"Not a changelog, but with most of the information in, I'm planning to take a break from
spreadsheet work and do some datamining for awhile, if I make a breakthrough I'll post
my findings here";;;;;;;;
12/12/25;Added hyper skill durations and some minor details;;;;;;;;
;Added a very incomplete datamine chara param sheet;;;;;;;;
;Added values for all rarities for player passives;;;;;;;;
;Added remaining passive values for Coordinator and Manager \o/;;;;;;;;
;"Added a few more helpful links (If any of the owners see this and want them removed,
drop me a marshmallow)";;;;;;;;
;"Removed player calculator to rework it (And to prevent people constantly requesting
for edit perms, sorry to anyone using it, even if it was a really bad)";;;;;;;;
;Added a list of Heroes (without stats unfortunately) and their movesets;;;;;;;;
13/12/25;Finished adding all kizuna town powers;;;;;;;;
14/12/25;"Added player alternate positions (Hint: In abilearn board, you can ""change positions"")";;;;;;;;
;Added remaining player preferred playstyles;;;;;;;;
;Added VR Raimon element. role, stats;;;;;;;;
;Added hero stats;;;;;;;;
;Hid Kanji and Hiragana column because realistically, most people looking at this are EOPs;;;;;;;;
;Added english TL for genders (at last);;;;;;;;
;Added in a very specific Fubuki that was missing from Inagle but available in-game;;;;;;;;
;Added first 3 moves learnt for most characters;;;;;;;;
;"Corrected the moves a bit since I forgot they were offset by 1 person
due to the Fubuki I added";;;;;;;;
;Added most players main abilearn paths along with alt paths;;;;;;;;
15/12/25;"With the Galaxy update being a week away, I've added the stats of a certain group from
Chronicle Mode. No images and no dub names until inagle updates (sorry dub enjoyers).";;;;;;;;
;Added Tenshou Zeus players, once again, no images, and no dub names;;;;;;;;
;Added hissatsu tactics duration and cooldown;;;;;;;;
;"Also I guess the spreadsheet will finally be 1.0 since it has most of the things I've wanted
from the start, thanks for all the support";;;;;;;;
16/12/25;"Updated information regarding Keeper's Grit from 
https://www.reddit.com/r/inazumaeleven/comments/1pkr04v/kp_buffs_keepers_grit_mechanics_final_revision/";;;;;;;;
17/12/25;Updated Characters AT/DF to reference Characters sheet, this should make Inagle updates less painful;;;;;;;;
;Added VR Raimon bench player stats;;;;;;;;
;Fixed some issues on the Characters AT/DF sheet;;;;;;;;
18/12/25;Corrected some issues with Saru's and Tenma's Hero movesets;;;;;;;;
22/12/25;Added new Heroes from the Galaxy Inadan update;;;;;;;;
;Updated Characters based on Inagle (why the fuck doesnt the Inagle and Game File IDs lineup HINO YOU FUCK);;;;;;;;
23/12/25;Added Basara List and stats;;;;;;;;
;Added new Boots and Bracelet;;;;;;;;
;Added new tactics;;;;;;;;
;Added new hissatsus;;;;;;;;
;Added new totems/souls/keshins;;;;;;;;
;Added new kizuna town items;;;;;;;;
;Added Basara movesets (to the guy who wanted Basara passives, sorry it might take awhile);;;;;;;;
;Added most movesets and abilearn board paths;;;;;;;;
;Fixed Spirit equipment being marked as Bond (how the fuck did I not realise);;;;;;;;
24/12/25;Fixed Preferred Playstyle inaccuracies from manual entry days (Thanks for letting me know person who sent a Marshmallow);;;;;;;;
;Re-did Abilearn Paths in case of any inaccuracies similar to above;;;;;;;;
;Added first 3 passives for each Basara;;;;;;;;
25/12/25;Fixed Basara Zanark's movepool;;;;;;;;
;Added paths for a few characters (thank you person who sent a Marshmallow for letting me know I missed Nanami Koteuchi out);;;;;;;;
27/12/25;A day early, added in the new gate battle team stats, once again, sorry dub enjoyers... but Inagle doesn't seem to be updating...;;;;;;;;
29/12/25;Added playstyle basara passives to main sheet;;;;;;;;
;Removed some repeated information on main sheet;;;;;;;;
;;;;;;;;;
Credits;;;;;;;;;
Reddit: Draak38;;;;Formulas;;;;;
Twitter: TKG;;;;3rd Slot Passive Investigation;;;;;
;;;;Basara Passive Information;;;;;
Reddit: TheToyo;;;;Player Rarity Stats;;;;;
Lock (Inazuma Eleven Reddit Discord);;;;Free Match Drop List Collaborator;;;;;
Weiss (Inazuma Eleven Reddit Discord);;;;Preferred Player Playstyle Collaborator;;;;;
Endou (Inazuma Eleven Reddit Discord);;;;Romaji/Japanese Name Fix;;;;;
Kazukii (Level-5 Modding Discord);;;;Preferred Player Playstyle Collaborator;;;;;
;;;;;;;;;
;;;;;;;;;
;;;;;;;;;
POLL REGARDING MISSING CHARACTER STATS;;;;;;;;;
;;;;;;;;;
;;;;;;;;;
;;;;;;;;;
;;;;;;;;;
;;;;;;;;;
;;;;;;;;;
;;;;;;;;;
;;;;;;;;;
;;;;;;;;;
;;;;;;;;;
;;;;;;;;;
;;;;;;;;;
;;;;;;;;;
;;;;;;;;;
;;;;;;;;;
;;;;;;;;;
;;;;;;;;;
;;;;;;;;;
;;;;;;;;;
;;;;;;;;;
;;;;;;;;;
;;;;;;;;;
;;;;;;;;;
;;;;;;;;;
;;;;;;;;;
;;;;;;;;;
;;;;;;;;;
;;;;;;;;;
;;;;;;;;;
;;;;;;;;;
;;;;;;;;;
;;;;;;;;;
;;;;;;;;;
;;;;;;;;;
;;;;;;;;;
;;;;;;;;;
;;;;;;;;;
;;;;;;;;;
;;;;;;;;;
;;;;;;;;;
;;;;;;;;;
;;;;;;;;;
;;;;;;;;;
;;;;;;;;;
;;;;;;;;;
;;;;;;;;;
;;;;;;;;;
;;;;;;;;;
;;;;;;;;;
;;;;;;;;;
;;;;;;;;;
;;;;;;;;;
;;;;;;;;;
;;;;;;;;;
;;;;;;;;;
;;;;;;;;;
;;;;;;;;;
;;;;;;;;;
;;;;;;;;;
;;;;;;;;;
;;;;;;;;;
;;;;;;;;;
;;;;;;;;;
;;;;;;;;;
;;;;;;;;;
;;;;;;;;;
;;;;;;;;;
;;;;;;;;;
;;;;;;;;;
;;;;;;;;;
;;;;;;;;;
;;;;;;;;;
;;;;;;;;;
;;;;;;;;;
;;;;;;;;;
;;;;;;;;;
;;;;;;;;;
;;;;;;;;;
;;;;;;;;;
;;;;;;;;;
;;;;;;;;;
;;;;;;;;;
;;;;;;;;;
;;;;;;;;;
;;;;;;;;;
;;;;;;;;;
;;;;;;;;;
;;;;;;;;;
;;;;;;;;;
;;;;;;;;;
;;;;;;;;;
;;;;;;;;;
;;;;;;;;;
;;;;;;;;;
;;;;;;;;;
;;;;;;;;;
;;;;;;;;;
;;;;;;;;;
;;;;;;;;;
;;;;;;;;;
;;;;;;;;;
;;;;;;;;;
;;;;;;;;;
;;;;;;;;;
;;;;;;;;;
;;;;;;;;;
;;;;;;;;;
;;;;;;;;;
;;;;;;;;;
;;;;;;;;;
;;;;;;;;;
;;;;;;;;;
;;;;;;;;;
;;;;;;;;;
;;;;;;;;;
;;;;;;;;;
;;;;;;;;;
;;;;;;;;;
;;;;;;;;;
;;;;;;;;;
;;;;;;;;;
;;;;;;;;;
;;;;;;;;;
;;;;;;;;;
;;;;;;;;;
;;;;;;;;;
;;;;;;;;;
;;;;;;;;;
;;;;;;;;;
;;;;;;;;;
;;;;;;;;;
;;;;;;;;;
;;;;;;;;;
;;;;;;;;;
;;;;;;;;;
;;;;;;;;;
;;;;;;;;;
;;;;;;;;;
;;;;;;;;;
;;;;;;;;;
;;;;;;;;;
;;;;;;;;;
;;;;;;;;;
;;;;;;;;;
;;;;;;;;;
;;;;;;;;;
;;;;;;;;;
;;;;;;;;;
;;;;;;;;;
;;;;;;;;;
;;;;;;;;;
;;;;;;;;;
;;;;;;;;;
;;;;;;;;;
;;;;;;;;;
;;;;;;;;;
;;;;;;;;;
;;;;;;;;;
;;;;;;;;;
;;;;;;;;;
;;;;;;;;;
;;;;;;;;;
;;;;;;;;;
;;;;;;;;;
;;;;;;;;;
;;;;;;;;;
;;;;;;;;;
;;;;;;;;;
;;;;;;;;;
;;;;;;;;;
;;;;;;;;;
;;;;;;;;;
;;;;;;;;;
;;;;;;;;;
;;;;;;;;;
;;;;;;;;;
;;;;;;;;;
;;;;;;;;;
;;;;;;;;;
;;;;;;;;;
;;;;;;;;;
;;;;;;;;;
;;;;;;;;;
;;;;;;;;;
;;;;;;;;;
;;;;;;;;;
;;;;;;;;;
;;;;;;;;;
;;;;;;;;;
;;;;;;;;;
;;;;;;;;;
;;;;;;;;;
;;;;;;;;;
;;;;;;;;;
;;;;;;;;;
;;;;;;;;;
;;;;;;;;;
;;;;;;;;;
;;;;;;;;;
;;;;;;;;;
;;;;;;;;;
;;;;;;;;;
;;;;;;;;;
;;;;;;;;;
;;;;;;;;;
;;;;;;;;;
;;;;;;;;;
;;;;;;;;;
;;;;;;;;;
;;;;;;;;;
;;;;;;;;;
;;;;;;;;;
;;;;;;;;;
;;;;;;;;;
;;;;;;;;;
;;;;;;;;;
;;;;;;;;;
;;;;;;;;;
;;;;;;;;;
;;;;;;;;;
;;;;;;;;;
;;;;;;;;;
;;;;;;;;;
;;;;;;;;;
;;;;;;;;;
;;;;;;;;;
;;;;;;;;;
;;;;;;;;;
;;;;;;;;;
;;;;;;;;;
;;;;;;;;;
;;;;;;;;;
;;;;;;;;;
;;;;;;;;;
;;;;;;;;;
;;;;;;;;;
;;;;;;;;;
;;;;;;;;;
;;;;;;;;;
;;;;;;;;;
;;;;;;;;;
;;;;;;;;;
;;;;;;;;;
;;;;;;;;;
;;;;;;;;;
;;;;;;;;;
;;;;;;;;;
;;;;;;;;;
;;;;;;;;;
;;;;;;;;;
;;;;;;;;;
;;;;;;;;;
;;;;;;;;;
;;;;;;;;;
;;;;;;;;;
;;;;;;;;;
;;;;;;;;;
;;;;;;;;;
;;;;;;;;;
;;;;;;;;;
;;;;;;;;;
;;;;;;;;;
;;;;;;;;;
;;;;;;;;;
;;;;;;;;;
;;;;;;;;;
;;;;;;;;;
;;;;;;;;;
;;;;;;;;;
;;;;;;;;;
;;;;;;;;;
;;;;;;;;;
;;;;;;;;;
;;;;;;;;;
;;;;;;;;;
;;;;;;;;;
;;;;;;;;;
;;;;;;;;;
;;;;;;;;;
;;;;;;;;;
;;;;;;;;;
;;;;;;;;;
;;;;;;;;;
;;;;;;;;;
;;;;;;;;;
;;;;;;;;;
;;;;;;;;;
;;;;;;;;;
;;;;;;;;;
;;;;;;;;;
;;;;;;;;;
;;;;;;;;;
;;;;;;;;;
;;;;;;;;;
;;;;;;;;;
;;;;;;;;;
;;;;;;;;;
;;;;;;;;;
;;;;;;;;;
;;;;;;;;;
;;;;;;;;;
;;;;;;;;;
;;;;;;;;;
;;;;;;;;;
;;;;;;;;;
;;;;;;;;;
;;;;;;;;;
;;;;;;;;;
;;;;;;;;;
;;;;;;;;;
;;;;;;;;;
;;;;;;;;;
;;;;;;;;;
;;;;;;;;;
;;;;;;;;;
;;;;;;;;;
;;;;;;;;;
;;;;;;;;;
;;;;;;;;;
;;;;;;;;;
;;;;;;;;;
;;;;;;;;;
;;;;;;;;;
;;;;;;;;;
;;;;;;;;;
;;;;;;;;;
;;;;;;;;;
;;;;;;;;;
;;;;;;;;;
;;;;;;;;;
;;;;;;;;;
;;;;;;;;;
;;;;;;;;;
;;;;;;;;;
;;;;;;;;;
;;;;;;;;;
;;;;;;;;;
;;;;;;;;;
;;;;;;;;;
;;;;;;;;;
;;;;;;;;;
;;;;;;;;;
;;;;;;;;;
;;;;;;;;;
;;;;;;;;;
;;;;;;;;;
;;;;;;;;;
;;;;;;;;;
;;;;;;;;;
;;;;;;;;;
;;;;;;;;;
;;;;;;;;;
;;;;;;;;;
;;;;;;;;;
;;;;;;;;;
;;;;;;;;;
;;;;;;;;;
;;;;;;;;;
;;;;;;;;;
;;;;;;;;;
;;;;;;;;;
;;;;;;;;;
;;;;;;;;;
;;;;;;;;;
;;;;;;;;;
;;;;;;;;;
;;;;;;;;;
;;;;;;;;;
;;;;;;;;;
;;;;;;;;;
;;;;;;;;;
;;;;;;;;;
;;;;;;;;;
;;;;;;;;;
;;;;;;;;;
;;;;;;;;;
;;;;;;;;;
;;;;;;;;;
;;;;;;;;;
;;;;;;;;;
;;;;;;;;;
;;;;;;;;;
;;;;;;;;;
;;;;;;;;;
;;;;;;;;;
;;;;;;;;;
;;;;;;;;;
;;;;;;;;;
;;;;;;;;;
;;;;;;;;;
;;;;;;;;;
;;;;;;;;;
;;;;;;;;;
;;;;;;;;;
;;;;;;;;;
;;;;;;;;;
;;;;;;;;;
;;;;;;;;;
;;;;;;;;;
;;;;;;;;;
;;;;;;;;;
;;;;;;;;;
;;;;;;;;;
;;;;;;;;;
;;;;;;;;;
;;;;;;;;;
;;;;;;;;;
;;;;;;;;;
;;;;;;;;;
;;;;;;;;;
;;;;;;;;;
;;;;;;;;;
;;;;;;;;;
;;;;;;;;;
;;;;;;;;;
;;;;;;;;;
;;;;;;;;;
;;;;;;;;;
;;;;;;;;;
;;;;;;;;;
;;;;;;;;;
;;;;;;;;;
;;;;;;;;;
;;;;;;;;;
;;;;;;;;;
;;;;;;;;;
;;;;;;;;;
;;;;;;;;;
;;;;;;;;;
;;;;;;;;;
;;;;;;;;;
;;;;;;;;;
;;;;;;;;;
;;;;;;;;;
;;;;;;;;;
;;;;;;;;;
;;;;;;;;;
;;;;;;;;;
;;;;;;;;;
;;;;;;;;;
;;;;;;;;;
;;;;;;;;;
;;;;;;;;;
;;;;;;;;;
;;;;;;;;;
;;;;;;;;;
;;;;;;;;;
;;;;;;;;;
;;;;;;;;;
;;;;;;;;;
;;;;;;;;;
;;;;;;;;;
;;;;;;;;;
;;;;;;;;;
;;;;;;;;;
;;;;;;;;;
;;;;;;;;;
;;;;;;;;;
;;;;;;;;;
;;;;;;;;;
;;;;;;;;;
;;;;;;;;;
;;;;;;;;;
;;;;;;;;;
;;;;;;;;;
;;;;;;;;;
;;;;;;;;;
;;;;;;;;;
;;;;;;;;;
;;;;;;;;;
;;;;;;;;;
;;;;;;;;;
;;;;;;;;;
;;;;;;;;;
;;;;;;;;;
;;;;;;;;;
;;;;;;;;;
;;;;;;;;;
;;;;;;;;;
;;;;;;;;;
;;;;;;;;;
;;;;;;;;;
;;;;;;;;;
;;;;;;;;;
;;;;;;;;;
;;;;;;;;;
;;;;;;;;;
;;;;;;;;;
;;;;;;;;;
;;;;;;;;;
;;;;;;;;;
;;;;;;;;;
;;;;;;;;;
;;;;;;;;;
;;;;;;;;;
;;;;;;;;;
;;;;;;;;;
;;;;;;;;;
;;;;;;;;;
;;;;;;;;;
;;;;;;;;;
;;;;;;;;;
;;;;;;;;;
;;;;;;;;;
;;;;;;;;;
;;;;;;;;;
;;;;;;;;;
;;;;;;;;;
;;;;;;;;;
;;;;;;;;;
;;;;;;;;;
;;;;;;;;;
;;;;;;;;;
;;;;;;;;;
;;;;;;;;;
;;;;;;;;;
;;;;;;;;;
;;;;;;;;;
;;;;;;;;;
;;;;;;;;;
;;;;;;;;;
;;;;;;;;;
;;;;;;;;;
;;;;;;;;;
;;;;;;;;;
;;;;;;;;;
;;;;;;;;;
;;;;;;;;;
;;;;;;;;;
;;;;;;;;;
;;;;;;;;;
;;;;;;;;;
;;;;;;;;;
;;;;;;;;;
;;;;;;;;;
;;;;;;;;;
;;;;;;;;;
;;;;;;;;;
;;;;;;;;;
;;;;;;;;;
;;;;;;;;;
;;;;;;;;;
;;;;;;;;;
;;;;;;;;;
;;;;;;;;;
;;;;;;;;;
;;;;;;;;;
;;;;;;;;;
;;;;;;;;;
;;;;;;;;;
;;;;;;;;;
;;;;;;;;;
;;;;;;;;;
;;;;;;;;;
;;;;;;;;;
;;;;;;;;;
;;;;;;;;;
;;;;;;;;;
;;;;;;;;;
;;;;;;;;;
;;;;;;;;;
;;;;;;;;;
;;;;;;;;;
;;;;;;;;;
;;;;;;;;;
;;;;;;;;;
;;;;;;;;;
;;;;;;;;;
;;;;;;;;;
;;;;;;;;;
;;;;;;;;;
;;;;;;;;;
;;;;;;;;;
;;;;;;;;;
;;;;;;;;;
;;;;;;;;;
;;;;;;;;;
;;;;;;;;;
;;;;;;;;;
;;;;;;;;;
;;;;;;;;;
;;;;;;;;;
;;;;;;;;;
;;;;;;;;;
;;;;;;;;;
;;;;;;;;;
;;;;;;;;;
;;;;;;;;;
;;;;;;;;;
;;;;;;;;;
;;;;;;;;;
;;;;;;;;;
;;;;;;;;;
;;;;;;;;;
;;;;;;;;;
;;;;;;;;;
;;;;;;;;;
;;;;;;;;;
;;;;;;;;;
;;;;;;;;;
;;;;;;;;;
;;;;;;;;;
;;;;;;;;;
;;;;;;;;;
;;;;;;;;;
;;;;;;;;;
;;;;;;;;;
;;;;;;;;;
;;;;;;;;;
;;;;;;;;;
;;;;;;;;;
;;;;;;;;;
;;;;;;;;;
;;;;;;;;;
;;;;;;;;;
;;;;;;;;;
;;;;;;;;;
;;;;;;;;;
;;;;;;;;;
;;;;;;;;;
;;;;;;;;;
;;;;;;;;;
;;;;;;;;;
;;;;;;;;;
;;;;;;;;;
;;;;;;;;;
;;;;;;;;;
;;;;;;;;;
;;;;;;;;;
;;;;;;;;;
;;;;;;;;;
;;;;;;;;;
;;;;;;;;;
;;;;;;;;;
;;;;;;;;;
;;;;;;;;;
;;;;;;;;;
;;;;;;;;;
;;;;;;;;;
;;;;;;;;;
;;;;;;;;;
;;;;;;;;;
;;;;;;;;;
;;;;;;;;;
;;;;;;;;;
;;;;;;;;;
;;;;;;;;;
;;;;;;;;;
;;;;;;;;;
;;;;;;;;;
;;;;;;;;;
;;;;;;;;;
;;;;;;;;;
;;;;;;;;;
;;;;;;;;;
;;;;;;;;;
;;;;;;;;;
;;;;;;;;;
;;;;;;;;;
;;;;;;;;;
;;;;;;;;;
;;;;;;;;;
;;;;;;;;;
;;;;;;;;;
;;;;;;;;;
;;;;;;;;;
;;;;;;;;;
;;;;;;;;;
;;;;;;;;;
;;;;;;;;;
;;;;;;;;;
;;;;;;;;;
;;;;;;;;;
;;;;;;;;;
;;;;;;;;;
;;;;;;;;;
;;;;;;;;;
;;;;;;;;;
;;;;;;;;;
;;;;;;;;;
;;;;;;;;;
;;;;;;;;;
;;;;;;;;;
;;;;;;;;;
;;;;;;;;;
;;;;;;;;;
;;;;;;;;;
;;;;;;;;;
;;;;;;;;;
;;;;;;;;;
;;;;;;;;;
;;;;;;;;;
;;;;;;;;;
;;;;;;;;;
;;;;;;;;;
;;;;;;;;;
;;;;;;;;;
;;;;;;;;;
;;;;;;;;;
;;;;;;;;;
;;;;;;;;;
;;;;;;;;;
;;;;;;;;;
;;;;;;;;;
;;;;;;;;;
;;;;;;;;;
;;;;;;;;;
;;;;;;;;;
;;;;;;;;;
;;;;;;;;;
;;;;;;;;;
;;;;;;;;;
;;;;;;;;;
;;;;;;;;;
;;;;;;;;;
;;;;;;;;;
;;;;;;;;;
;;;;;;;;;
;;;;;;;;;
;;;;;;;;;
;;;;;;;;;
;;;;;;;;;
;;;;;;;;;
;;;;;;;;;
;;;;;;;;;
;;;;;;;;;
;;;;;;;;;
;;;;;;;;;
;;;;;;;;;
;;;;;;;;;
;;;;;;;;;
;;;;;;;;;
;;;;;;;;;
;;;;;;;;;
;;;;;;;;;
;;;;;;;;;
;;;;;;;;;
;;;;;;;;;
;;;;;;;;;
;;;;;;;;;
;;;;;;;;;
;;;;;;;;;
;;;;;;;;;
;;;;;;;;;
;;;;;;;;;
;;;;;;;;;
;;;;;;;;;
;;;;;;;;;
;;;;;;;;;
;;;;;;;;;
;;;;;;;;;
;;;;;;;;;
;;;;;;;;;
;;;;;;;;;
;;;;;;;;;
;;;;;;;;;
;;;;;;;;;
;;;;;;;;;
;;;;;;;;;
;;;;;;;;;
;;;;;;;;;
;;;;;;;;;
;;;;;;;;;
;;;;;;;;;
;;;;;;;;;
;;;;;;;;;
;;;;;;;;;
;;;;;;;;;
;;;;;;;;;
;;;;;;;;;
;;;;;;;;;
;;;;;;;;;
;;;;;;;;;
;;;;;;;;;
;;;;;;;;;
;;;;;;;;;
;;;;;;;;;
;;;;;;;;;
;;;;;;;;;
;;;;;;;;;
;;;;;;;;;
;;;;;;;;;
;;;;;;;;;
;;;;;;;;;
;;;;;;;;;
;;;;;;;;;
;;;;;;;;;
;;;;;;;;;
;;;;;;;;;
;;;;;;;;;
;;;;;;;;;
;;;;;;;;;
;;;;;;;;;
;;;;;;;;;
;;;;;;;;;
;;;;;;;;;
;;;;;;;;;
;;;;;;;;;
;;;;;;;;;
;;;;;;;;;
;;;;;;;;;
;;;;;;;;;
;;;;;;;;;
;;;;;;;;;
;;;;;;;;;
;;;;;;;;;
;;;;;;;;;
;;;;;;;;;
;;;;;;;;;
;;;;;;;;;
;;;;;;;;;
;;;;;;;;;
;;;;;;;;;
;;;;;;;;;
;;;;;;;;;
;;;;;;;;;
;;;;;;;;;
;;;;;;;;;
;;;;;;;;;
;;;;;;;;;
;;;;;;;;;
;;;;;;;;;
;;;;;;;;;
;;;;;;;;;
;;;;;;;;;
;;;;;;;;;
;;;;;;;;;
;;;;;;;;;
;;;;;;;;;
;;;;;;;;;
;;;;;;;;;
;;;;;;;;;
;;;;;;;;;
;;;;;;;;;
;;;;;;;;;
;;;;;;;;;
;;;;;;;;;
;;;;;;;;;
;;;;;;;;;
